resource_id	query_id	similarity_score
0	0	0
1	0	0
2	0	-1
3	0	-1
4	0	0
5	0	-1
6	0	-1
7	0	0
8	0	0
9	0	0
10	0	-1
11	0	0
12	0	0
13	0	0
14	0	0
15	0	0
16	0	0
17	0	0
18	0	0
19	0	0
20	0	32
21	0	234
22	0	0
23	0	0
24	0	0
25	0	164
26	0	0
27	0	0
28	0	0
29	0	0
30	0	55
31	0	0
32	0	0
33	0	-1
34	0	0
35	0	0
36	0	-1
37	0	0
38	0	0
39	0	0
40	0	0
41	0	0
42	0	289
43	0	180
44	0	0
45	0	109
46	0	109
47	0	0
48	0	0
49	0	0
50	0	0
51	0	0
52	0	-1
53	0	0
54	0	0
55	0	0
56	0	0
57	0	0
58	0	0
59	0	-1
60	0	0
61	0	0
62	0	0
63	0	0
64	0	-1
65	0	0
66	0	0
67	0	-1
68	0	218
69	0	0
70	0	0
71	0	0
72	0	0
73	0	0
74	0	0
75	0	0
76	0	0
77	0	0
78	0	0
79	0	-1
80	0	-1
81	0	0
82	0	0
83	0	-1
84	0	0
85	0	0
86	0	0
87	0	0
88	0	-1
89	0	0
90	0	0
91	0	0
92	0	-1
93	0	-1
94	0	0
95	0	16
96	0	0
97	0	0
98	0	0
99	0	55
100	0	0
101	0	0
102	0	0
103	0	-1
104	0	0
105	0	0
106	0	0
107	0	0
108	0	0
109	0	-1
110	0	0
111	0	0
112	0	0
113	0	16
114	0	0
115	0	0
116	0	0
117	0	0
118	0	0
119	0	0
120	0	0
121	0	0
122	0	-1
123	0	164
124	0	0
125	0	0
126	0	-1
127	0	0
128	0	-1
129	0	0
130	0	0
131	0	0
132	0	0
133	0	0
134	0	-1
135	0	0
136	0	0
137	0	0
138	0	-1
139	0	-1
140	0	273
141	0	47
142	0	0
143	0	-1
144	0	0
145	0	0
146	0	0
147	0	0
148	0	125
0	1	-1
1	1	0
2	1	-1
3	1	0
4	1	0
5	1	0
6	1	-1
7	1	0
8	1	16
9	1	-1
10	1	-1
11	1	0
12	1	0
13	1	-1
14	1	0
15	1	-1
16	1	47
17	1	0
18	1	-1
19	1	126
20	1	243
21	1	464
22	1	0
23	1	0
24	1	211
25	1	818
26	1	468
27	1	158
28	1	16
29	1	0
30	1	598
31	1	-1
32	1	55
33	1	47
34	1	282
35	1	0
36	1	0
37	1	0
38	1	0
39	1	0
40	1	-1
41	1	0
42	1	111
43	1	664
44	1	47
45	1	-1
46	1	-1
47	1	0
48	1	-1
49	1	-1
50	1	0
51	1	0
52	1	-1
53	1	0
54	1	0
55	1	0
56	1	0
57	1	0
58	1	-1
59	1	-1
60	1	-1
61	1	-1
62	1	-1
63	1	-1
64	1	-1
65	1	0
66	1	0
67	1	-1
68	1	755
69	1	-1
70	1	0
71	1	-1
72	1	-1
73	1	-1
74	1	172
75	1	0
76	1	197
77	1	197
78	1	-1
79	1	-1
80	1	-1
81	1	204
82	1	0
83	1	32
84	1	0
85	1	126
86	1	-1
87	1	0
88	1	0
89	1	0
90	1	-1
91	1	-1
92	1	-1
93	1	0
94	1	32
95	1	197
96	1	16
97	1	142
98	1	0
99	1	111
100	1	142
101	1	0
102	1	259
103	1	0
104	1	0
105	1	-1
106	1	0
107	1	0
108	1	0
109	1	-1
110	1	468
111	1	-1
112	1	0
113	1	491
114	1	453
115	1	507
116	1	141
117	1	507
118	1	282
119	1	0
120	1	359
121	1	47
122	1	-1
123	1	16
124	1	0
125	1	-1
126	1	-1
127	1	0
128	1	0
129	1	0
130	1	0
131	1	-1
132	1	16
133	1	0
134	1	-1
135	1	102
136	1	63
137	1	32
138	1	-1
139	1	165
140	1	-1
141	1	249
142	1	149
143	1	-1
144	1	0
145	1	0
146	1	32
147	1	111
148	1	680
0	2	-1
1	2	0
2	2	0
3	2	0
4	2	0
5	2	0
6	2	0
7	2	0
8	2	0
9	2	-1
10	2	-1
11	2	0
12	2	0
13	2	-1
14	2	0
15	2	0
16	2	-1
17	2	0
18	2	-1
19	2	70
20	2	297
21	2	441
22	2	-1
23	2	-1
24	2	86
25	2	0
26	2	0
27	2	0
28	2	0
29	2	0
30	2	125
31	2	0
32	2	0
33	2	-1
34	2	0
35	2	0
36	2	0
37	2	0
38	2	0
39	2	0
40	2	-1
41	2	0
42	2	453
43	2	334
44	2	70
45	2	-1
46	2	234
47	2	32
48	2	-1
49	2	-1
50	2	0
51	2	0
52	2	-1
53	2	0
54	2	0
55	2	0
56	2	16
57	2	0
58	2	-1
59	2	0
60	2	0
61	2	0
62	2	0
63	2	-1
64	2	-1
65	2	0
66	2	0
67	2	-1
68	2	364
69	2	-1
70	2	0
71	2	0
72	2	55
73	2	-1
74	2	0
75	2	0
76	2	16
77	2	0
78	2	-1
79	2	0
80	2	0
81	2	0
82	2	-1
83	2	-1
84	2	0
85	2	0
86	2	-1
87	2	0
88	2	-1
89	2	0
90	2	0
91	2	-1
92	2	-1
93	2	-1
94	2	16
95	2	16
96	2	0
97	2	-1
98	2	0
99	2	0
100	2	0
101	2	0
102	2	16
103	2	0
104	2	382
105	2	-1
106	2	-1
107	2	0
108	2	-1
109	2	-1
110	2	0
111	2	0
112	2	-1
113	2	0
114	2	0
115	2	0
116	2	0
117	2	0
118	2	0
119	2	-1
120	2	0
121	2	0
122	2	-1
123	2	-1
124	2	0
125	2	-1
126	2	-1
127	2	0
128	2	0
129	2	0
130	2	0
131	2	0
132	2	0
133	2	0
134	2	0
135	2	0
136	2	0
137	2	0
138	2	-1
139	2	16
140	2	302
141	2	297
142	2	0
143	2	0
144	2	0
145	2	16
146	2	164
147	2	227
148	2	495
0	3	-1
1	3	0
2	3	-1
3	3	0
4	3	0
5	3	-1
6	3	-1
7	3	0
8	3	0
9	3	-1
10	3	-1
11	3	0
12	3	0
13	3	-1
14	3	0
15	3	-1
16	3	-1
17	3	0
18	3	-1
19	3	0
20	3	0
21	3	264
22	3	-1
23	3	-1
24	3	0
25	3	-1
26	3	16
27	3	0
28	3	0
29	3	0
30	3	0
31	3	-1
32	3	-1
33	3	-1
34	3	-1
35	3	0
36	3	0
37	3	0
38	3	-1
39	3	0
40	3	-1
41	3	0
42	3	0
43	3	155
44	3	0
45	3	-1
46	3	-1
47	3	0
48	3	-1
49	3	-1
50	3	0
51	3	-1
52	3	-1
53	3	0
54	3	-1
55	3	0
56	3	-1
57	3	0
58	3	-1
59	3	-1
60	3	-1
61	3	-1
62	3	-1
63	3	-1
64	3	-1
65	3	0
66	3	0
67	3	0
68	3	0
69	3	-1
70	3	-1
71	3	-1
72	3	-1
73	3	-1
74	3	-1
75	3	-1
76	3	0
77	3	-1
78	3	-1
79	3	-1
80	3	-1
81	3	0
82	3	-1
83	3	-1
84	3	-1
85	3	-1
86	3	-1
87	3	-1
88	3	-1
89	3	0
90	3	-1
91	3	-1
92	3	-1
93	3	-1
94	3	0
95	3	-1
96	3	-1
97	3	-1
98	3	0
99	3	0
100	3	0
101	3	-1
102	3	-1
103	3	0
104	3	0
105	3	-1
106	3	-1
107	3	-1
108	3	-1
109	3	-1
110	3	0
111	3	0
112	3	-1
113	3	47
114	3	-1
115	3	-1
116	3	0
117	3	-1
118	3	0
119	3	-1
120	3	-1
121	3	-1
122	3	-1
123	3	-1
124	3	0
125	3	-1
126	3	-1
127	3	-1
128	3	-1
129	3	-1
130	3	-1
131	3	-1
132	3	0
133	3	0
134	3	0
135	3	-1
136	3	-1
137	3	-1
138	3	-1
139	3	0
140	3	109
141	3	0
142	3	-1
143	3	0
144	3	0
145	3	0
146	3	0
147	3	0
148	3	264
0	4	-1
1	4	16
2	4	-1
3	4	0
4	4	-1
5	4	-1
6	4	-1
7	4	0
8	4	0
9	4	-1
10	4	-1
11	4	0
12	4	0
13	4	-1
14	4	0
15	4	-1
16	4	-1
17	4	0
18	4	-1
19	4	32
20	4	126
21	4	955
22	4	-1
23	4	-1
24	4	95
25	4	-1
26	4	0
27	4	-1
28	4	0
29	4	16
30	4	0
31	4	-1
32	4	-1
33	4	-1
34	4	-1
35	4	0
36	4	0
37	4	0
38	4	-1
39	4	0
40	4	-1
41	4	0
42	4	102
43	4	709
44	4	86
45	4	-1
46	4	79
47	4	0
48	4	-1
49	4	-1
50	4	0
51	4	0
52	4	-1
53	4	0
54	4	0
55	4	0
56	4	-1
57	4	0
58	4	-1
59	4	-1
60	4	-1
61	4	-1
62	4	-1
63	4	-1
64	4	-1
65	4	0
66	4	0
67	4	0
68	4	-1
69	4	-1
70	4	-1
71	4	-1
72	4	-1
73	4	-1
74	4	0
75	4	-1
76	4	0
77	4	0
78	4	-1
79	4	0
80	4	-1
81	4	0
82	4	-1
83	4	-1
84	4	-1
85	4	0
86	4	-1
87	4	-1
88	4	-1
89	4	0
90	4	-1
91	4	-1
92	4	-1
93	4	-1
94	4	79
95	4	-1
96	4	-1
97	4	-1
98	4	-1
99	4	955
100	4	16
101	4	-1
102	4	480
103	4	-1
104	4	0
105	4	-1
106	4	-1
107	4	-1
108	4	-1
109	4	-1
110	4	0
111	4	0
112	4	-1
113	4	0
114	4	0
115	4	-1
116	4	0
117	4	-1
118	4	0
119	4	-1
120	4	0
121	4	-1
122	4	-1
123	4	-1
124	4	0
125	4	-1
126	4	-1
127	4	-1
128	4	-1
129	4	-1
130	4	-1
131	4	-1
132	4	16
133	4	0
134	4	0
135	4	-1
136	4	0
137	4	0
138	4	-1
139	4	0
140	4	780
141	4	149
142	4	-1
143	4	0
144	4	0
145	4	142
146	4	0
147	4	142
148	4	764
0	5	-1
1	5	16
2	5	0
3	5	0
4	5	0
5	5	-1
6	5	-1
7	5	0
8	5	-1
9	5	16
10	5	-1
11	5	16
12	5	0
13	5	-1
14	5	0
15	5	-1
16	5	-1
17	5	0
18	5	-1
19	5	0
20	5	47
21	5	786
22	5	-1
23	5	-1
24	5	111
25	5	-1
26	5	16
27	5	0
28	5	0
29	5	0
30	5	16
31	5	-1
32	5	-1
33	5	-1
34	5	0
35	5	0
36	5	0
37	5	0
38	5	-1
39	5	0
40	5	-1
41	5	0
42	5	141
43	5	855
44	5	343
45	5	-1
46	5	63
47	5	0
48	5	-1
49	5	-1
50	5	0
51	5	0
52	5	-1
53	5	0
54	5	0
55	5	-1
56	5	0
57	5	0
58	5	-1
59	5	-1
60	5	0
61	5	55
62	5	-1
63	5	-1
64	5	-1
65	5	0
66	5	0
67	5	0
68	5	-1
69	5	-1
70	5	-1
71	5	-1
72	5	-1
73	5	-1
74	5	16
75	5	-1
76	5	0
77	5	118
78	5	-1
79	5	-1
80	5	-1
81	5	0
82	5	0
83	5	-1
84	5	0
85	5	0
86	5	0
87	5	-1
88	5	-1
89	5	0
90	5	-1
91	5	-1
92	5	-1
93	5	0
94	5	16
95	5	0
96	5	-1
97	5	-1
98	5	32
99	5	102
100	5	16
101	5	0
102	5	227
103	5	0
104	5	0
105	5	-1
106	5	0
107	5	-1
108	5	0
109	5	-1
110	5	32
111	5	0
112	5	-1
113	5	0
114	5	0
115	5	-1
116	5	0
117	5	0
118	5	0
119	5	-1
120	5	79
121	5	-1
122	5	-1
123	5	-1
124	5	0
125	5	-1
126	5	-1
127	5	-1
128	5	-1
129	5	-1
130	5	0
131	5	-1
132	5	0
133	5	0
134	5	-1
135	5	-1
136	5	16
137	5	-1
138	5	-1
139	5	16
140	5	825
141	5	118
142	5	-1
143	5	0
144	5	-1
145	5	47
146	5	0
147	5	102
148	5	728
0	6	-1
1	6	0
2	6	-1
3	6	-1
4	6	0
5	6	0
6	6	-1
7	6	0
8	6	-1
9	6	-1
10	6	-1
11	6	0
12	6	0
13	6	-1
14	6	0
15	6	-1
16	6	0
17	6	-1
18	6	-1
19	6	16
20	6	180
21	6	557
22	6	-1
23	6	0
24	6	132
25	6	0
26	6	32
27	6	0
28	6	0
29	6	0
30	6	16
31	6	-1
32	6	-1
33	6	-1
34	6	0
35	6	0
36	6	0
37	6	0
38	6	0
39	6	0
40	6	-1
41	6	0
42	6	32
43	6	555
44	6	132
45	6	-1
46	6	-1
47	6	0
48	6	-1
49	6	0
50	6	0
51	6	-1
52	6	0
53	6	0
54	6	-1
55	6	0
56	6	-1
57	6	0
58	6	-1
59	6	-1
60	6	0
61	6	-1
62	6	-1
63	6	-1
64	6	-1
65	6	0
66	6	0
67	6	0
68	6	457
69	6	-1
70	6	-1
71	6	-1
72	6	-1
73	6	-1
74	6	0
75	6	0
76	6	0
77	6	32
78	6	-1
79	6	0
80	6	0
81	6	0
82	6	-1
83	6	-1
84	6	0
85	6	0
86	6	-1
87	6	-1
88	6	0
89	6	0
90	6	-1
91	6	-1
92	6	-1
93	6	-1
94	6	0
95	6	0
96	6	-1
97	6	-1
98	6	0
99	6	0
100	6	0
101	6	-1
102	6	102
103	6	0
104	6	0
105	6	-1
106	6	-1
107	6	-1
108	6	-1
109	6	-1
110	6	0
111	6	0
112	6	327
113	6	259
114	6	-1
115	6	-1
116	6	0
117	6	-1
118	6	0
119	6	-1
120	6	16
121	6	32
122	6	-1
123	6	-1
124	6	0
125	6	-1
126	6	-1
127	6	-1
128	6	0
129	6	0
130	6	0
131	6	0
132	6	0
133	6	0
134	6	0
135	6	-1
136	6	0
137	6	-1
138	6	-1
139	6	0
140	6	-1
141	6	0
142	6	-1
143	6	55
144	6	0
145	6	0
146	6	0
147	6	102
148	6	402
0	7	0
1	7	0
2	7	0
3	7	-1
4	7	-1
5	7	0
6	7	-1
7	7	0
8	7	0
9	7	-1
10	7	-1
11	7	0
12	7	0
13	7	0
14	7	0
15	7	0
16	7	16
17	7	0
18	7	-1
19	7	16
20	7	382
21	7	570
22	7	0
23	7	100
24	7	264
25	7	218
26	7	55
27	7	0
28	7	218
29	7	0
30	7	70
31	7	-1
32	7	-1
33	7	0
34	7	16
35	7	0
36	7	0
37	7	0
38	7	0
39	7	0
40	7	55
41	7	0
42	7	325
43	7	418
44	7	109
45	7	-1
46	7	-1
47	7	0
48	7	-1
49	7	-1
50	7	0
51	7	0
52	7	-1
53	7	0
54	7	0
55	7	0
56	7	0
57	7	0
58	7	-1
59	7	-1
60	7	0
61	7	0
62	7	-1
63	7	0
64	7	-1
65	7	0
66	7	0
67	7	0
68	7	473
69	7	0
70	7	0
71	7	-1
72	7	0
73	7	0
74	7	0
75	7	0
76	7	0
77	7	0
78	7	-1
79	7	-1
80	7	0
81	7	0
82	7	0
83	7	0
84	7	0
85	7	170
86	7	-1
87	7	16
88	7	0
89	7	0
90	7	0
91	7	0
92	7	70
93	7	-1
94	7	141
95	7	109
96	7	102
97	7	-1
98	7	0
99	7	186
100	7	79
101	7	0
102	7	170
103	7	0
104	7	0
105	7	-1
106	7	0
107	7	0
108	7	-1
109	7	0
110	7	-1
111	7	0
112	7	0
113	7	102
114	7	47
115	7	164
116	7	250
117	7	437
118	7	164
119	7	-1
120	7	109
121	7	32
122	7	-1
123	7	0
124	7	0
125	7	0
126	7	-1
127	7	0
128	7	0
129	7	0
130	7	0
131	7	0
132	7	0
133	7	16
134	7	-1
135	7	0
136	7	0
137	7	-1
138	7	-1
139	7	157
140	7	-1
141	7	405
142	7	0
143	7	0
144	7	227
145	7	16
146	7	172
147	7	389
148	7	734
0	8	-1
1	8	0
2	8	0
3	8	-1
4	8	0
5	8	-1
6	8	-1
7	8	0
8	8	0
9	8	-1
10	8	-1
11	8	0
12	8	0
13	8	-1
14	8	0
15	8	0
16	8	0
17	8	0
18	8	-1
19	8	0
20	8	55
21	8	289
22	8	-1
23	8	-1
24	8	0
25	8	32
26	8	32
27	8	0
28	8	0
29	8	0
30	8	0
31	8	-1
32	8	-1
33	8	-1
34	8	0
35	8	0
36	8	0
37	8	0
38	8	0
39	8	0
40	8	-1
41	8	0
42	8	0
43	8	234
44	8	0
45	8	-1
46	8	-1
47	8	0
48	8	-1
49	8	0
50	8	0
51	8	0
52	8	-1
53	8	0
54	8	0
55	8	0
56	8	0
57	8	0
58	8	-1
59	8	-1
60	8	-1
61	8	0
62	8	-1
63	8	-1
64	8	0
65	8	0
66	8	0
67	8	0
68	8	218
69	8	0
70	8	0
71	8	0
72	8	-1
73	8	0
74	8	0
75	8	0
76	8	16
77	8	0
78	8	-1
79	8	-1
80	8	0
81	8	0
82	8	-1
83	8	0
84	8	0
85	8	0
86	8	-1
87	8	-1
88	8	0
89	8	0
90	8	0
91	8	-1
92	8	0
93	8	0
94	8	0
95	8	0
96	8	0
97	8	-1
98	8	0
99	8	70
100	8	16
101	8	0
102	8	109
103	8	0
104	8	0
105	8	0
106	8	0
107	8	0
108	8	0
109	8	0
110	8	0
111	8	0
112	8	-1
113	8	63
114	8	0
115	8	0
116	8	0
117	8	0
118	8	0
119	8	-1
120	8	0
121	8	-1
122	8	-1
123	8	-1
124	8	0
125	8	0
126	8	-1
127	8	0
128	8	0
129	8	0
130	8	0
131	8	0
132	8	0
133	8	0
134	8	-1
135	8	0
136	8	0
137	8	-1
138	8	-1
139	8	0
140	8	328
141	8	55
142	8	0
143	8	0
144	8	0
145	8	0
146	8	0
147	8	55
148	8	218
0	9	-1
1	9	-1
2	9	-1
3	9	-1
4	9	-1
5	9	-1
6	9	-1
7	9	0
8	9	0
9	9	-1
10	9	-1
11	9	0
12	9	0
13	9	-1
14	9	0
15	9	0
16	9	0
17	9	-1
18	9	-1
19	9	172
20	9	273
21	9	352
22	9	-1
23	9	0
24	9	142
25	9	0
26	9	0
27	9	0
28	9	0
29	9	0
30	9	55
31	9	-1
32	9	-1
33	9	-1
34	9	0
35	9	0
36	9	0
37	9	0
38	9	0
39	9	0
40	9	-1
41	9	0
42	9	398
43	9	227
44	9	0
45	9	-1
46	9	141
47	9	0
48	9	-1
49	9	-1
50	9	0
51	9	-1
52	9	-1
53	9	0
54	9	-1
55	9	-1
56	9	-1
57	9	-1
58	9	-1
59	9	-1
60	9	-1
61	9	-1
62	9	-1
63	9	-1
64	9	-1
65	9	0
66	9	0
67	9	0
68	9	366
69	9	-1
70	9	-1
71	9	-1
72	9	-1
73	9	0
74	9	0
75	9	0
76	9	0
77	9	0
78	9	-1
79	9	0
80	9	0
81	9	0
82	9	0
83	9	-1
84	9	0
85	9	0
86	9	-1
87	9	-1
88	9	-1
89	9	0
90	9	-1
91	9	-1
92	9	0
93	9	-1
94	9	55
95	9	0
96	9	-1
97	9	126
98	9	16
99	9	55
100	9	16
101	9	0
102	9	126
103	9	0
104	9	0
105	9	-1
106	9	-1
107	9	-1
108	9	-1
109	9	-1
110	9	-1
111	9	-1
112	9	32
113	9	126
114	9	-1
115	9	-1
116	9	0
117	9	-1
118	9	0
119	9	-1
120	9	118
121	9	0
122	9	-1
123	9	-1
124	9	0
125	9	-1
126	9	-1
127	9	0
128	9	-1
129	9	0
130	9	0
131	9	0
132	9	0
133	9	16
134	9	0
135	9	-1
136	9	0
137	9	16
138	9	-1
139	9	437
140	9	297
141	9	218
142	9	55
143	9	0
144	9	0
145	9	63
146	9	70
147	9	398
148	9	375
0	10	-1
1	10	313
2	10	16
3	10	-1
4	10	220
5	10	0
6	10	55
7	10	0
8	10	181
9	10	-1
10	10	-1
11	10	188
12	10	0
13	10	-1
14	10	111
15	10	32
16	10	-1
17	10	-1
18	10	-1
19	10	102
20	10	375
21	10	141
22	10	-1
23	10	-1
24	10	79
25	10	55
26	10	320
27	10	204
28	10	0
29	10	-1
30	10	32
31	10	-1
32	10	-1
33	10	-1
34	10	-1
35	10	0
36	10	-1
37	10	0
38	10	0
39	10	-1
40	10	-1
41	10	0
42	10	0
43	10	125
44	10	0
45	10	-1
46	10	79
47	10	0
48	10	-1
49	10	-1
50	10	0
51	10	-1
52	10	-1
53	10	-1
54	10	-1
55	10	-1
56	10	-1
57	10	-1
58	10	-1
59	10	0
60	10	-1
61	10	-1
62	10	-1
63	10	-1
64	10	-1
65	10	0
66	10	0
67	10	16
68	10	102
69	10	-1
70	10	-1
71	10	-1
72	10	-1
73	10	0
74	10	0
75	10	-1
76	10	-1
77	10	0
78	10	-1
79	10	-1
80	10	0
81	10	0
82	10	0
83	10	-1
84	10	0
85	10	0
86	10	-1
87	10	0
88	10	-1
89	10	0
90	10	-1
91	10	-1
92	10	0
93	10	0
94	10	0
95	10	0
96	10	-1
97	10	16
98	10	0
99	10	0
100	10	0
101	10	0
102	10	16
103	10	-1
104	10	0
105	10	-1
106	10	-1
107	10	-1
108	10	-1
109	10	-1
110	10	-1
111	10	0
112	10	-1
113	10	0
114	10	-1
115	10	100
116	10	0
117	10	-1
118	10	55
119	10	-1
120	10	32
121	10	-1
122	10	-1
123	10	0
124	10	0
125	10	-1
126	10	-1
127	10	-1
128	10	-1
129	10	-1
130	10	-1
131	10	-1
132	10	0
133	10	0
134	10	0
135	10	-1
136	10	-1
137	10	-1
138	10	-1
139	10	0
140	10	109
141	10	297
142	10	0
143	10	0
144	10	0
145	10	0
146	10	63
147	10	165
148	10	47
0	11	0
1	11	0
2	11	-1
3	11	-1
4	11	-1
5	11	0
6	11	-1
7	11	0
8	11	47
9	11	-1
10	11	-1
11	11	16
12	11	0
13	11	-1
14	11	0
15	11	32
16	11	-1
17	11	0
18	11	0
19	11	63
20	11	47
21	11	289
22	11	-1
23	11	-1
24	11	47
25	11	-1
26	11	16
27	11	0
28	11	0
29	11	0
30	11	86
31	11	-1
32	11	-1
33	11	0
34	11	0
35	11	0
36	11	0
37	11	0
38	11	0
39	11	0
40	11	-1
41	11	0
42	11	63
43	11	180
44	11	172
45	11	-1
46	11	79
47	11	0
48	11	-1
49	11	-1
50	11	0
51	11	0
52	11	16
53	11	70
54	11	16
55	11	0
56	11	0
57	11	63
58	11	-1
59	11	-1
60	11	-1
61	11	0
62	11	-1
63	11	-1
64	11	-1
65	11	0
66	11	0
67	11	180
68	11	-1
69	11	-1
70	11	-1
71	11	-1
72	11	-1
73	11	0
74	11	32
75	11	0
76	11	16
77	11	0
78	11	0
79	11	0
80	11	32
81	11	0
82	11	-1
83	11	-1
84	11	0
85	11	0
86	11	-1
87	11	-1
88	11	-1
89	11	0
90	11	-1
91	11	-1
92	11	102
93	11	0
94	11	16
95	11	0
96	11	-1
97	11	-1
98	11	32
99	11	47
100	11	32
101	11	0
102	11	111
103	11	0
104	11	0
105	11	-1
106	11	-1
107	11	-1
108	11	-1
109	11	-1
110	11	-1
111	11	0
112	11	-1
113	11	0
114	11	0
115	11	-1
116	11	0
117	11	0
118	11	0
119	11	-1
120	11	79
121	11	0
122	11	-1
123	11	-1
124	11	0
125	11	-1
126	11	-1
127	11	-1
128	11	0
129	11	0
130	11	0
131	11	-1
132	11	16
133	11	0
134	11	-1
135	11	-1
136	11	0
137	11	0
138	11	-1
139	11	-1
140	11	-1
141	11	32
142	11	0
143	11	0
144	11	0
145	11	0
146	11	32
147	11	47
148	11	141
0	12	-1
1	12	0
2	12	0
3	12	-1
4	12	0
5	12	-1
6	12	-1
7	12	0
8	12	0
9	12	-1
10	12	-1
11	12	0
12	12	0
13	12	-1
14	12	0
15	12	0
16	12	0
17	12	-1
18	12	-1
19	12	63
20	12	95
21	12	218
22	12	0
23	12	0
24	12	125
25	12	0
26	12	0
27	12	0
28	12	0
29	12	0
30	12	164
31	12	-1
32	12	0
33	12	0
34	12	0
35	12	0
36	12	0
37	12	0
38	12	0
39	12	0
40	12	-1
41	12	0
42	12	0
43	12	180
44	12	55
45	12	-1
46	12	-1
47	12	0
48	12	-1
49	12	-1
50	12	0
51	12	0
52	12	-1
53	12	0
54	12	0
55	12	0
56	12	0
57	12	0
58	12	-1
59	12	0
60	12	0
61	12	0
62	12	0
63	12	-1
64	12	-1
65	12	0
66	12	0
67	12	0
68	12	141
69	12	-1
70	12	0
71	12	-1
72	12	-1
73	12	0
74	12	16
75	12	0
76	12	-1
77	12	0
78	12	-1
79	12	-1
80	12	0
81	12	0
82	12	70
83	12	0
84	12	0
85	12	0
86	12	-1
87	12	0
88	12	-1
89	12	0
90	12	-1
91	12	-1
92	12	0
93	12	-1
94	12	55
95	12	16
96	12	0
97	12	0
98	12	0
99	12	70
100	12	0
101	12	0
102	12	0
103	12	0
104	12	0
105	12	0
106	12	0
107	12	0
108	12	-1
109	12	-1
110	12	0
111	12	0
112	12	0
113	12	0
114	12	0
115	12	70
116	12	0
117	12	0
118	12	0
119	12	-1
120	12	0
121	12	0
122	12	-1
123	12	0
124	12	0
125	12	0
126	12	-1
127	12	0
128	12	0
129	12	0
130	12	0
131	12	0
132	12	0
133	12	0
134	12	0
135	12	0
136	12	0
137	12	0
138	12	-1
139	12	111
140	12	305
141	12	63
142	12	63
143	12	0
144	12	0
145	12	16
146	12	32
147	12	95
148	12	102
0	13	-1
1	13	0
2	13	-1
3	13	-1
4	13	0
5	13	-1
6	13	-1
7	13	0
8	13	0
9	13	-1
10	13	-1
11	13	0
12	13	0
13	13	-1
14	13	0
15	13	0
16	13	0
17	13	0
18	13	-1
19	13	165
20	13	32
21	13	909
22	13	-1
23	13	-1
24	13	32
25	13	0
26	13	100
27	13	-1
28	13	0
29	13	0
30	13	0
31	13	-1
32	13	0
33	13	0
34	13	0
35	13	0
36	13	0
37	13	0
38	13	0
39	13	0
40	13	-1
41	13	0
42	13	158
43	13	664
44	13	0
45	13	-1
46	13	-1
47	13	0
48	13	-1
49	13	-1
50	13	0
51	13	-1
52	13	-1
53	13	0
54	13	0
55	13	0
56	13	0
57	13	0
58	13	-1
59	13	-1
60	13	0
61	13	0
62	13	-1
63	13	-1
64	13	-1
65	13	0
66	13	0
67	13	0
68	13	716
69	13	-1
70	13	-1
71	13	-1
72	13	-1
73	13	0
74	13	100
75	13	-1
76	13	0
77	13	0
78	13	-1
79	13	0
80	13	-1
81	13	0
82	13	-1
83	13	0
84	13	0
85	13	0
86	13	-1
87	13	0
88	13	-1
89	13	0
90	13	-1
91	13	-1
92	13	-1
93	13	0
94	13	0
95	13	0
96	13	0
97	13	-1
98	13	47
99	13	16
100	13	0
101	13	0
102	13	79
103	13	0
104	13	0
105	13	-1
106	13	0
107	13	0
108	13	0
109	13	0
110	13	0
111	13	0
112	13	0
113	13	0
114	13	0
115	13	0
116	13	0
117	13	0
118	13	0
119	13	0
120	13	16
121	13	0
122	13	0
123	13	-1
124	13	0
125	13	0
126	13	-1
127	13	0
128	13	0
129	13	0
130	13	0
131	13	0
132	13	0
133	13	0
134	13	0
135	13	0
136	13	0
137	13	218
138	13	-1
139	13	32
140	13	864
141	13	170
142	13	0
143	13	0
144	13	0
145	13	0
146	13	0
147	13	134
148	13	786
0	14	0
1	14	0
2	14	0
3	14	0
4	14	0
5	14	0
6	14	-1
7	14	0
8	14	0
9	14	-1
10	14	-1
11	14	0
12	14	0
13	14	-1
14	14	0
15	14	0
16	14	-1
17	14	0
18	14	-1
19	14	0
20	14	0
21	14	437
22	14	-1
23	14	-1
24	14	0
25	14	32
26	14	0
27	14	0
28	14	0
29	14	0
30	14	180
31	14	-1
32	14	0
33	14	0
34	14	0
35	14	0
36	14	-1
37	14	0
38	14	0
39	14	0
40	14	-1
41	14	0
42	14	0
43	14	437
44	14	111
45	14	-1
46	14	273
47	14	0
48	14	-1
49	14	-1
50	14	0
51	14	0
52	14	-1
53	14	-1
54	14	0
55	14	-1
56	14	-1
57	14	0
58	14	-1
59	14	-1
60	14	-1
61	14	-1
62	14	-1
63	14	-1
64	14	-1
65	14	-1
66	14	0
67	14	0
68	14	328
69	14	-1
70	14	-1
71	14	0
72	14	-1
73	14	0
74	14	0
75	14	0
76	14	0
77	14	0
78	14	-1
79	14	0
80	14	-1
81	14	0
82	14	0
83	14	0
84	14	0
85	14	0
86	14	-1
87	14	0
88	14	-1
89	14	0
90	14	-1
91	14	-1
92	14	0
93	14	-1
94	14	109
95	14	0
96	14	-1
97	14	-1
98	14	0
99	14	55
100	14	0
101	14	0
102	14	0
103	14	0
104	14	0
105	14	-1
106	14	0
107	14	-1
108	14	0
109	14	-1
110	14	0
111	14	-1
112	14	-1
113	14	32
114	14	0
115	14	16
116	14	0
117	14	0
118	14	0
119	14	-1
120	14	0
121	14	-1
122	14	-1
123	14	-1
124	14	0
125	14	-1
126	14	-1
127	14	-1
128	14	0
129	14	0
130	14	0
131	14	-1
132	14	0
133	14	0
134	14	0
135	14	0
136	14	0
137	14	0
138	14	-1
139	14	0
140	14	-1
141	14	0
142	14	0
143	14	0
144	14	0
145	14	0
146	14	0
147	14	0
148	14	398
0	15	-1
1	15	0
2	15	-1
3	15	0
4	15	0
5	15	-1
6	15	-1
7	15	-1
8	15	0
9	15	-1
10	15	-1
11	15	0
12	15	-1
13	15	-1
14	15	-1
15	15	0
16	15	-1
17	15	-1
18	15	-1
19	15	0
20	15	227
21	15	273
22	15	-1
23	15	-1
24	15	0
25	15	0
26	15	16
27	15	0
28	15	0
29	15	-1
30	15	55
31	15	-1
32	15	-1
33	15	-1
34	15	-1
35	15	-1
36	15	-1
37	15	0
38	15	0
39	15	-1
40	15	-1
41	15	0
42	15	-1
43	15	109
44	15	70
45	15	-1
46	15	-1
47	15	-1
48	15	-1
49	15	-1
50	15	-1
51	15	-1
52	15	-1
53	15	-1
54	15	-1
55	15	-1
56	15	-1
57	15	-1
58	15	-1
59	15	-1
60	15	-1
61	15	-1
62	15	-1
63	15	-1
64	15	-1
65	15	0
66	15	-1
67	15	0
68	15	164
69	15	-1
70	15	-1
71	15	-1
72	15	-1
73	15	-1
74	15	-1
75	15	0
76	15	-1
77	15	-1
78	15	-1
79	15	-1
80	15	-1
81	15	0
82	15	-1
83	15	-1
84	15	-1
85	15	-1
86	15	-1
87	15	-1
88	15	-1
89	15	-1
90	15	-1
91	15	-1
92	15	-1
93	15	-1
94	15	70
95	15	-1
96	15	-1
97	15	-1
98	15	-1
99	15	55
100	15	0
101	15	-1
102	15	0
103	15	-1
104	15	0
105	15	-1
106	15	-1
107	15	-1
108	15	-1
109	15	-1
110	15	-1
111	15	-1
112	15	-1
113	15	55
114	15	-1
115	15	0
116	15	0
117	15	-1
118	15	0
119	15	-1
120	15	0
121	15	-1
122	15	-1
123	15	-1
124	15	-1
125	15	-1
126	15	-1
127	15	-1
128	15	-1
129	15	-1
130	15	-1
131	15	-1
132	15	0
133	15	0
134	15	-1
135	15	-1
136	15	-1
137	15	70
138	15	-1
139	15	0
140	15	180
141	15	211
142	15	-1
143	15	0
144	15	0
145	15	157
146	15	0
147	15	195
148	15	359
0	16	-1
1	16	0
2	16	-1
3	16	-1
4	16	0
5	16	0
6	16	-1
7	16	0
8	16	16
9	16	0
10	16	-1
11	16	47
12	16	0
13	16	-1
14	16	0
15	16	0
16	16	-1
17	16	-1
18	16	-1
19	16	0
20	16	172
21	16	718
22	16	-1
23	16	-1
24	16	211
25	16	16
26	16	16
27	16	95
28	16	0
29	16	47
30	16	202
31	16	-1
32	16	47
33	16	-1
34	16	0
35	16	0
36	16	-1
37	16	0
38	16	0
39	16	-1
40	16	-1
41	16	0
42	16	468
43	16	489
44	16	280
45	16	-1
46	16	-1
47	16	70
48	16	16
49	16	-1
50	16	125
51	16	16
52	16	-1
53	16	70
54	16	243
55	16	0
56	16	0
57	16	202
58	16	-1
59	16	-1
60	16	-1
61	16	0
62	16	-1
63	16	-1
64	16	-1
65	16	0
66	16	16
67	16	0
68	16	398
69	16	-1
70	16	-1
71	16	0
72	16	-1
73	16	-1
74	16	0
75	16	-1
76	16	-1
77	16	0
78	16	-1
79	16	0
80	16	0
81	16	0
82	16	-1
83	16	-1
84	16	-1
85	16	55
86	16	16
87	16	0
88	16	32
89	16	0
90	16	-1
91	16	-1
92	16	16
93	16	0
94	16	47
95	16	32
96	16	-1
97	16	-1
98	16	32
99	16	32
100	16	16
101	16	-1
102	16	95
103	16	-1
104	16	400
105	16	-1
106	16	-1
107	16	-1
108	16	-1
109	16	-1
110	16	0
111	16	-1
112	16	-1
113	16	32
114	16	-1
115	16	16
116	16	0
117	16	-1
118	16	0
119	16	-1
120	16	0
121	16	-1
122	16	-1
123	16	-1
124	16	0
125	16	-1
126	16	-1
127	16	-1
128	16	-1
129	16	-1
130	16	-1
131	16	-1
132	16	0
133	16	0
134	16	-1
135	16	-1
136	16	-1
137	16	-1
138	16	-1
139	16	-1
140	16	550
141	16	325
142	16	-1
143	16	0
144	16	-1
145	16	0
146	16	-1
147	16	0
148	16	550
0	17	-1
1	17	0
2	17	-1
3	17	-1
4	17	-1
5	17	-1
6	17	-1
7	17	-1
8	17	0
9	17	0
10	17	-1
11	17	0
12	17	-1
13	17	-1
14	17	-1
15	17	-1
16	17	-1
17	17	-1
18	17	0
19	17	0
20	17	102
21	17	195
22	17	-1
23	17	-1
24	17	16
25	17	0
26	17	0
27	17	-1
28	17	0
29	17	-1
30	17	55
31	17	-1
32	17	-1
33	17	-1
34	17	0
35	17	0
36	17	-1
37	17	0
38	17	0
39	17	0
40	17	-1
41	17	0
42	17	0
43	17	47
44	17	55
45	17	-1
46	17	-1
47	17	0
48	17	-1
49	17	-1
50	17	0
51	17	-1
52	17	-1
53	17	-1
54	17	-1
55	17	-1
56	17	-1
57	17	-1
58	17	-1
59	17	-1
60	17	-1
61	17	-1
62	17	-1
63	17	-1
64	17	-1
65	17	0
66	17	0
67	17	0
68	17	157
69	17	-1
70	17	-1
71	17	-1
72	17	-1
73	17	0
74	17	0
75	17	-1
76	17	-1
77	17	0
78	17	-1
79	17	0
80	17	0
81	17	16
82	17	0
83	17	-1
84	17	-1
85	17	95
86	17	0
87	17	-1
88	17	-1
89	17	0
90	17	-1
91	17	-1
92	17	16
93	17	-1
94	17	0
95	17	16
96	17	-1
97	17	16
98	17	-1
99	17	55
100	17	0
101	17	-1
102	17	0
103	17	-1
104	17	0
105	17	-1
106	17	-1
107	17	-1
108	17	-1
109	17	-1
110	17	0
111	17	-1
112	17	-1
113	17	0
114	17	-1
115	17	0
116	17	0
117	17	-1
118	17	0
119	17	0
120	17	86
121	17	0
122	17	-1
123	17	-1
124	17	-1
125	17	-1
126	17	-1
127	17	-1
128	17	-1
129	17	-1
130	17	-1
131	17	0
132	17	0
133	17	32
134	17	0
135	17	-1
136	17	-1
137	17	0
138	17	-1
139	17	-1
140	17	109
141	17	134
142	17	0
143	17	16
144	17	0
145	17	0
146	17	109
147	17	63
148	17	125
0	18	-1
1	18	0
2	18	-1
3	18	-1
4	18	0
5	18	-1
6	18	-1
7	18	0
8	18	-1
9	18	0
10	18	-1
11	18	0
12	18	0
13	18	-1
14	18	0
15	18	-1
16	18	-1
17	18	0
18	18	-1
19	18	165
20	18	546
21	18	398
22	18	-1
23	18	-1
24	18	180
25	18	47
26	18	16
27	18	0
28	18	0
29	18	0
30	18	0
31	18	-1
32	18	-1
33	18	0
34	18	0
35	18	0
36	18	0
37	18	0
38	18	0
39	18	0
40	18	-1
41	18	0
42	18	507
43	18	359
44	18	164
45	18	-1
46	18	437
47	18	0
48	18	-1
49	18	-1
50	18	109
51	18	0
52	18	-1
53	18	16
54	18	16
55	18	0
56	18	0
57	18	16
58	18	-1
59	18	-1
60	18	-1
61	18	-1
62	18	-1
63	18	-1
64	18	-1
65	18	0
66	18	157
67	18	0
68	18	234
69	18	-1
70	18	-1
71	18	-1
72	18	-1
73	18	0
74	18	0
75	18	0
76	18	55
77	18	0
78	18	289
79	18	-1
80	18	0
81	18	0
82	18	-1
83	18	-1
84	18	-1
85	18	0
86	18	-1
87	18	-1
88	18	-1
89	18	0
90	18	-1
91	18	-1
92	18	0
93	18	0
94	18	289
95	18	-1
96	18	-1
97	18	-1
98	18	0
99	18	55
100	18	0
101	18	-1
102	18	507
103	18	0
104	18	70
105	18	453
106	18	70
107	18	382
108	18	507
109	18	165
110	18	-1
111	18	0
112	18	-1
113	18	47
114	18	-1
115	18	-1
116	18	0
117	18	0
118	18	0
119	18	-1
120	18	164
121	18	-1
122	18	-1
123	18	-1
124	18	0
125	18	-1
126	18	-1
127	18	-1
128	18	-1
129	18	0
130	18	-1
131	18	-1
132	18	0
133	18	0
134	18	0
135	18	0
136	18	0
137	18	0
138	18	-1
139	18	343
140	18	491
141	18	491
142	18	109
143	18	102
144	18	0
145	18	0
146	18	102
147	18	180
148	18	343
0	19	86
1	19	0
2	19	32
3	19	-1
4	19	63
5	19	274
6	19	0
7	19	63
8	19	165
9	19	-1
10	19	-1
11	19	0
12	19	0
13	19	86
14	19	0
15	19	0
16	19	0
17	19	0
18	19	-1
19	19	195
20	19	134
21	19	366
22	19	0
23	19	0
24	19	134
25	19	0
26	19	16
27	19	0
28	19	0
29	19	227
30	19	491
31	19	0
32	19	0
33	19	-1
34	19	16
35	19	0
36	19	0
37	19	0
38	19	0
39	19	-1
40	19	0
41	19	0
42	19	211
43	19	341
44	19	125
45	19	-1
46	19	-1
47	19	32
48	19	-1
49	19	32
50	19	0
51	19	16
52	19	0
53	19	0
54	19	16
55	19	0
56	19	0
57	19	0
58	19	0
59	19	0
60	19	0
61	19	-1
62	19	0
63	19	0
64	19	0
65	19	0
66	19	0
67	19	352
68	19	434
69	19	195
70	19	-1
71	19	220
72	19	70
73	19	0
74	19	170
75	19	32
76	19	266
77	19	0
78	19	195
79	19	157
80	19	0
81	19	141
82	19	370
83	19	32
84	19	0
85	19	0
86	19	-1
87	19	172
88	19	-1
89	19	0
90	19	142
91	19	0
92	19	157
93	19	-1
94	19	102
95	19	172
96	19	16
97	19	-1
98	19	32
99	19	32
100	19	47
101	19	0
102	19	181
103	19	0
104	19	343
105	19	0
106	19	-1
107	19	-1
108	19	0
109	19	0
110	19	-1
111	19	0
112	19	0
113	19	0
114	19	0
115	19	0
116	19	0
117	19	0
118	19	0
119	19	0
120	19	0
121	19	16
122	19	16
123	19	0
124	19	-1
125	19	0
126	19	0
127	19	16
128	19	0
129	19	0
130	19	0
131	19	0
132	19	491
133	19	109
134	19	16
135	19	234
136	19	0
137	19	16
138	19	-1
139	19	-1
140	19	505
141	19	320
142	19	172
143	19	86
144	19	343
145	19	250
146	19	86
147	19	343
148	19	489
0	20	0
1	20	0
2	20	102
3	20	-1
4	20	-1
5	20	0
6	20	0
7	20	0
8	20	102
9	20	-1
10	20	-1
11	20	181
12	20	0
13	20	16
14	20	0
15	20	-1
16	20	-1
17	20	0
18	20	-1
19	20	16
20	20	395
21	20	686
22	20	-1
23	20	-1
24	20	211
25	20	336
26	20	288
27	20	141
28	20	0
29	20	170
30	20	418
31	20	-1
32	20	47
33	20	-1
34	20	0
35	20	0
36	20	0
37	20	0
38	20	0
39	20	0
40	20	-1
41	20	0
42	20	634
43	20	825
44	20	172
45	20	-1
46	20	-1
47	20	100
48	20	-1
49	20	-1
50	20	0
51	20	0
52	20	-1
53	20	0
54	20	-1
55	20	0
56	20	-1
57	20	0
58	20	0
59	20	-1
60	20	0
61	20	0
62	20	0
63	20	-1
64	20	-1
65	20	0
66	20	0
67	20	216
68	20	570
69	20	100
70	20	-1
71	20	0
72	20	100
73	20	0
74	20	-1
75	20	0
76	20	0
77	20	0
78	20	-1
79	20	16
80	20	0
81	20	0
82	20	100
83	20	16
84	20	0
85	20	180
86	20	-1
87	20	0
88	20	0
89	20	0
90	20	-1
91	20	-1
92	20	-1
93	20	0
94	20	16
95	20	16
96	20	-1
97	20	55
98	20	63
99	20	32
100	20	118
101	20	0
102	20	118
103	20	0
104	20	109
105	20	-1
106	20	-1
107	20	-1
108	20	-1
109	20	-1
110	20	352
111	20	0
112	20	0
113	20	352
114	20	149
115	20	274
116	20	125
117	20	197
118	20	172
119	20	0
120	20	155
121	20	-1
122	20	-1
123	20	-1
124	20	16
125	20	-1
126	20	-1
127	20	-1
128	20	-1
129	20	0
130	20	-1
131	20	-1
132	20	0
133	20	0
134	20	16
135	20	-1
136	20	32
137	20	0
138	20	-1
139	20	0
140	20	686
141	20	305
142	20	16
143	20	0
144	20	0
145	20	86
146	20	0
147	20	32
148	20	680
0	21	-1
1	21	0
2	21	0
3	21	-1
4	21	0
5	21	0
6	21	0
7	21	0
8	21	0
9	21	-1
10	21	-1
11	21	0
12	21	0
13	21	-1
14	21	0
15	21	0
16	21	-1
17	21	0
18	21	-1
19	21	0
20	21	272
21	21	165
22	21	-1
23	21	-1
24	21	16
25	21	32
26	21	70
27	21	0
28	21	0
29	21	0
30	21	102
31	21	-1
32	21	0
33	21	-1
34	21	0
35	21	0
36	21	0
37	21	0
38	21	0
39	21	0
40	21	-1
41	21	0
42	21	0
43	21	179
44	21	32
45	21	-1
46	21	-1
47	21	0
48	21	-1
49	21	-1
50	21	0
51	21	0
52	21	-1
53	21	-1
54	21	-1
55	21	0
56	21	0
57	21	0
58	21	-1
59	21	-1
60	21	0
61	21	0
62	21	0
63	21	-1
64	21	-1
65	21	0
66	21	0
67	21	0
68	21	118
69	21	-1
70	21	-1
71	21	-1
72	21	-1
73	21	0
74	21	0
75	21	0
76	21	0
77	21	0
78	21	-1
79	21	0
80	21	0
81	21	0
82	21	-1
83	21	0
84	21	0
85	21	0
86	21	-1
87	21	0
88	21	-1
89	21	0
90	21	-1
91	21	-1
92	21	-1
93	21	-1
94	21	86
95	21	0
96	21	-1
97	21	-1
98	21	0
99	21	70
100	21	0
101	21	0
102	21	0
103	21	0
104	21	0
105	21	-1
106	21	-1
107	21	-1
108	21	-1
109	21	-1
110	21	0
111	21	0
112	21	0
113	21	0
114	21	-1
115	21	0
116	21	0
117	21	-1
118	21	0
119	21	0
120	21	0
121	21	-1
122	21	-1
123	21	-1
124	21	0
125	21	-1
126	21	-1
127	21	-1
128	21	-1
129	21	0
130	21	0
131	21	0
132	21	0
133	21	0
134	21	0
135	21	-1
136	21	0
137	21	0
138	21	-1
139	21	0
140	21	118
141	21	257
142	21	-1
143	21	0
144	21	0
145	21	0
146	21	0
147	21	211
148	21	118
0	22	-1
1	22	126
2	22	-1
3	22	-1
4	22	211
5	22	181
6	22	-1
7	22	-1
8	22	598
9	22	-1
10	22	-1
11	22	165
12	22	118
13	22	0
14	22	297
15	22	188
16	22	0
17	22	0
18	22	-1
19	22	165
20	22	204
21	22	397
22	22	-1
23	22	0
24	22	227
25	22	430
26	22	259
27	22	350
28	22	0
29	22	188
30	22	414
31	22	-1
32	22	16
33	22	-1
34	22	-1
35	22	0
36	22	0
37	22	0
38	22	0
39	22	0
40	22	-1
41	22	0
42	22	391
43	22	188
44	22	111
45	22	-1
46	22	218
47	22	102
48	22	336
49	22	0
50	22	220
51	22	249
52	22	47
53	22	70
54	22	165
55	22	95
56	22	259
57	22	181
58	22	-1
59	22	-1
60	22	-1
61	22	-1
62	22	-1
63	22	-1
64	22	-1
65	22	0
66	22	16
67	22	47
68	22	-1
69	22	-1
70	22	-1
71	22	-1
72	22	-1
73	22	0
74	22	16
75	22	-1
76	22	157
77	22	0
78	22	16
79	22	-1
80	22	63
81	22	16
82	22	55
83	22	16
84	22	-1
85	22	0
86	22	-1
87	22	0
88	22	79
89	22	16
90	22	-1
91	22	-1
92	22	-1
93	22	142
94	22	211
95	22	126
96	22	-1
97	22	118
98	22	149
99	22	55
100	22	16
101	22	0
102	22	149
103	22	0
104	22	63
105	22	-1
106	22	-1
107	22	-1
108	22	-1
109	22	-1
110	22	-1
111	22	0
112	22	-1
113	22	-1
114	22	70
115	22	181
116	22	0
117	22	55
118	22	0
119	22	-1
120	22	47
121	22	0
122	22	-1
123	22	-1
124	22	0
125	22	-1
126	22	-1
127	22	0
128	22	-1
129	22	0
130	22	0
131	22	-1
132	22	0
133	22	0
134	22	0
135	22	-1
136	22	0
137	22	0
138	22	-1
139	22	-1
140	22	-1
141	22	181
142	22	134
143	22	95
144	22	0
145	22	0
146	22	63
147	22	158
148	22	297
0	23	0
1	23	0
2	23	0
3	23	0
4	23	0
5	23	0
6	23	0
7	23	0
8	23	0
9	23	-1
10	23	0
11	23	0
12	23	0
13	23	0
14	23	0
15	23	0
16	23	0
17	23	0
18	23	-1
19	23	16
20	23	47
21	23	343
22	23	-1
23	23	0
24	23	16
25	23	0
26	23	0
27	23	0
28	23	0
29	23	0
30	23	47
31	23	-1
32	23	16
33	23	0
34	23	0
35	23	0
36	23	-1
37	23	0
38	23	0
39	23	-1
40	23	-1
41	23	0
42	23	289
43	23	250
44	23	0
45	23	-1
46	23	55
47	23	55
48	23	0
49	23	-1
50	23	70
51	23	70
52	23	0
53	23	16
54	23	125
55	23	0
56	23	0
57	23	47
58	23	-1
59	23	-1
60	23	0
61	23	-1
62	23	0
63	23	-1
64	23	-1
65	23	-1
66	23	0
67	23	0
68	23	-1
69	23	0
70	23	-1
71	23	0
72	23	-1
73	23	0
74	23	-1
75	23	0
76	23	32
77	23	0
78	23	16
79	23	55
80	23	0
81	23	0
82	23	0
83	23	0
84	23	0
85	23	0
86	23	-1
87	23	0
88	23	-1
89	23	-1
90	23	-1
91	23	-1
92	23	0
93	23	-1
94	23	0
95	23	0
96	23	0
97	23	0
98	23	0
99	23	0
100	23	0
101	23	0
102	23	0
103	23	-1
104	23	16
105	23	0
106	23	0
107	23	0
108	23	0
109	23	0
110	23	-1
111	23	-1
112	23	0
113	23	0
114	23	0
115	23	16
116	23	0
117	23	0
118	23	0
119	23	0
120	23	16
121	23	0
122	23	0
123	23	16
124	23	-1
125	23	-1
126	23	0
127	23	0
128	23	-1
129	23	0
130	23	0
131	23	-1
132	23	16
133	23	0
134	23	0
135	23	16
136	23	0
137	23	0
138	23	-1
139	23	-1
140	23	305
141	23	32
142	23	0
143	23	0
144	23	0
145	23	0
146	23	0
147	23	141
148	23	250
0	24	0
1	24	0
2	24	0
3	24	-1
4	24	0
5	24	0
6	24	0
7	24	0
8	24	0
9	24	-1
10	24	-1
11	24	0
12	24	0
13	24	-1
14	24	0
15	24	0
16	24	0
17	24	0
18	24	-1
19	24	47
20	24	16
21	24	125
22	24	0
23	24	0
24	24	0
25	24	0
26	24	0
27	24	0
28	24	109
29	24	0
30	24	70
31	24	-1
32	24	0
33	24	-1
34	24	0
35	24	0
36	24	-1
37	24	0
38	24	-1
39	24	0
40	24	-1
41	24	0
42	24	0
43	24	70
44	24	0
45	24	-1
46	24	32
47	24	0
48	24	-1
49	24	0
50	24	0
51	24	-1
52	24	-1
53	24	0
54	24	-1
55	24	0
56	24	-1
57	24	0
58	24	-1
59	24	-1
60	24	-1
61	24	-1
62	24	-1
63	24	-1
64	24	-1
65	24	0
66	24	0
67	24	0
68	24	125
69	24	-1
70	24	-1
71	24	-1
72	24	-1
73	24	0
74	24	-1
75	24	0
76	24	0
77	24	0
78	24	-1
79	24	0
80	24	0
81	24	0
82	24	-1
83	24	-1
84	24	-1
85	24	0
86	24	-1
87	24	0
88	24	-1
89	24	0
90	24	-1
91	24	-1
92	24	0
93	24	-1
94	24	0
95	24	0
96	24	-1
97	24	0
98	24	0
99	24	0
100	24	0
101	24	0
102	24	0
103	24	0
104	24	0
105	24	-1
106	24	-1
107	24	-1
108	24	-1
109	24	-1
110	24	-1
111	24	-1
112	24	-1
113	24	0
114	24	0
115	24	0
116	24	0
117	24	0
118	24	0
119	24	-1
120	24	0
121	24	0
122	24	-1
123	24	-1
124	24	0
125	24	-1
126	24	-1
127	24	-1
128	24	0
129	24	0
130	24	0
131	24	-1
132	24	0
133	24	0
134	24	0
135	24	-1
136	24	0
137	24	0
138	24	-1
139	24	0
140	24	125
141	24	16
142	24	0
143	24	0
144	24	0
145	24	0
146	24	16
147	24	32
148	24	55
0	25	-1
1	25	0
2	25	-1
3	25	-1
4	25	0
5	25	0
6	25	0
7	25	0
8	25	0
9	25	-1
10	25	-1
11	25	0
12	25	0
13	25	-1
14	25	0
15	25	0
16	25	0
17	25	0
18	25	-1
19	25	0
20	25	32
21	25	86
22	25	-1
23	25	0
24	25	0
25	25	16
26	25	0
27	25	0
28	25	0
29	25	0
30	25	55
31	25	-1
32	25	-1
33	25	0
34	25	0
35	25	0
36	25	-1
37	25	0
38	25	0
39	25	-1
40	25	-1
41	25	0
42	25	0
43	25	32
44	25	0
45	25	-1
46	25	55
47	25	0
48	25	-1
49	25	-1
50	25	0
51	25	-1
52	25	0
53	25	0
54	25	0
55	25	0
56	25	0
57	25	0
58	25	-1
59	25	-1
60	25	0
61	25	0
62	25	0
63	25	-1
64	25	-1
65	25	0
66	25	0
67	25	125
68	25	86
69	25	-1
70	25	-1
71	25	-1
72	25	-1
73	25	0
74	25	0
75	25	0
76	25	0
77	25	0
78	25	0
79	25	-1
80	25	0
81	25	0
82	25	0
83	25	-1
84	25	0
85	25	0
86	25	-1
87	25	-1
88	25	0
89	25	0
90	25	0
91	25	-1
92	25	-1
93	25	0
94	25	109
95	25	0
96	25	-1
97	25	0
98	25	0
99	25	0
100	25	0
101	25	0
102	25	0
103	25	0
104	25	55
105	25	-1
106	25	-1
107	25	0
108	25	-1
109	25	0
110	25	-1
111	25	-1
112	25	-1
113	25	16
114	25	0
115	25	0
116	25	0
117	25	-1
118	25	0
119	25	0
120	25	0
121	25	0
122	25	-1
123	25	0
124	25	0
125	25	-1
126	25	-1
127	25	0
128	25	-1
129	25	0
130	25	0
131	25	0
132	25	0
133	25	0
134	25	-1
135	25	0
136	25	0
137	25	0
138	25	0
139	25	-1
140	25	102
141	25	0
142	25	0
143	25	0
144	25	0
145	25	0
146	25	0
147	25	0
148	25	102
0	26	-1
1	26	0
2	26	-1
3	26	-1
4	26	0
5	26	-1
6	26	-1
7	26	0
8	26	0
9	26	-1
10	26	-1
11	26	0
12	26	0
13	26	-1
14	26	-1
15	26	-1
16	26	-1
17	26	-1
18	26	-1
19	26	47
20	26	163
21	26	505
22	26	-1
23	26	-1
24	26	79
25	26	-1
26	26	0
27	26	0
28	26	0
29	26	-1
30	26	0
31	26	-1
32	26	-1
33	26	-1
34	26	-1
35	26	0
36	26	-1
37	26	0
38	26	0
39	26	0
40	26	-1
41	26	0
42	26	0
43	26	420
44	26	359
45	26	-1
46	26	157
47	26	0
48	26	-1
49	26	-1
50	26	0
51	26	0
52	26	-1
53	26	-1
54	26	0
55	26	-1
56	26	-1
57	26	0
58	26	-1
59	26	-1
60	26	-1
61	26	-1
62	26	-1
63	26	-1
64	26	-1
65	26	0
66	26	0
67	26	0
68	26	311
69	26	-1
70	26	-1
71	26	-1
72	26	-1
73	26	0
74	26	-1
75	26	-1
76	26	0
77	26	-1
78	26	-1
79	26	-1
80	26	0
81	26	0
82	26	-1
83	26	-1
84	26	-1
85	26	0
86	26	-1
87	26	-1
88	26	-1
89	26	0
90	26	-1
91	26	-1
92	26	-1
93	26	0
94	26	95
95	26	-1
96	26	-1
97	26	-1
98	26	-1
99	26	0
100	26	0
101	26	-1
102	26	16
103	26	0
104	26	0
105	26	-1
106	26	-1
107	26	-1
108	26	-1
109	26	-1
110	26	95
111	26	-1
112	26	-1
113	26	126
114	26	-1
115	26	-1
116	26	0
117	26	-1
118	26	95
119	26	-1
120	26	16
121	26	-1
122	26	-1
123	26	-1
124	26	0
125	26	-1
126	26	-1
127	26	-1
128	26	-1
129	26	-1
130	26	-1
131	26	-1
132	26	0
133	26	16
134	26	-1
135	26	-1
136	26	0
137	26	-1
138	26	-1
139	26	-1
140	26	436
141	26	147
142	26	-1
143	26	0
144	26	0
145	26	186
146	26	0
147	26	241
148	26	566
0	27	-1
1	27	-1
2	27	-1
3	27	16
4	27	-1
5	27	0
6	27	-1
7	27	-1
8	27	47
9	27	-1
10	27	-1
11	27	0
12	27	0
13	27	-1
14	27	-1
15	27	16
16	27	-1
17	27	-1
18	27	-1
19	27	-1
20	27	0
21	27	734
22	27	-1
23	27	-1
24	27	0
25	27	-1
26	27	32
27	27	0
28	27	0
29	27	0
30	27	86
31	27	-1
32	27	0
33	27	-1
34	27	0
35	27	-1
36	27	-1
37	27	0
38	27	0
39	27	-1
40	27	-1
41	27	0
42	27	79
43	27	618
44	27	564
45	27	-1
46	27	232
47	27	0
48	27	-1
49	27	-1
50	27	468
51	27	100
52	27	109
53	27	334
54	27	55
55	27	211
56	27	16
57	27	63
58	27	-1
59	27	-1
60	27	-1
61	27	-1
62	27	-1
63	27	-1
64	27	-1
65	27	0
66	27	-1
67	27	-1
68	27	480
69	27	-1
70	27	-1
71	27	-1
72	27	-1
73	27	0
74	27	-1
75	27	-1
76	27	16
77	27	-1
78	27	-1
79	27	-1
80	27	-1
81	27	16
82	27	-1
83	27	-1
84	27	-1
85	27	-1
86	27	-1
87	27	-1
88	27	-1
89	27	-1
90	27	-1
91	27	-1
92	27	-1
93	27	0
94	27	0
95	27	0
96	27	-1
97	27	-1
98	27	0
99	27	400
100	27	-1
101	27	0
102	27	32
103	27	-1
104	27	0
105	27	-1
106	27	-1
107	27	0
108	27	-1
109	27	-1
110	27	16
111	27	-1
112	27	-1
113	27	0
114	27	-1
115	27	-1
116	27	-1
117	27	-1
118	27	0
119	27	0
120	27	0
121	27	-1
122	27	-1
123	27	-1
124	27	-1
125	27	-1
126	27	-1
127	27	-1
128	27	-1
129	27	-1
130	27	-1
131	27	-1
132	27	-1
133	27	-1
134	27	-1
135	27	-1
136	27	-1
137	27	-1
138	27	-1
139	27	-1
140	27	-1
141	27	0
142	27	-1
143	27	0
144	27	-1
145	27	0
146	27	-1
147	27	0
148	27	598
0	28	-1
1	28	0
2	28	0
3	28	16
4	28	-1
5	28	55
6	28	0
7	28	0
8	28	125
9	28	-1
10	28	-1
11	28	172
12	28	0
13	28	-1
14	28	-1
15	28	118
16	28	-1
17	28	-1
18	28	-1
19	28	32
20	28	118
21	28	472
22	28	-1
23	28	-1
24	28	102
25	28	16
26	28	55
27	28	0
28	28	0
29	28	16
30	28	186
31	28	-1
32	28	0
33	28	-1
34	28	0
35	28	0
36	28	0
37	28	0
38	28	0
39	28	0
40	28	-1
41	28	0
42	28	157
43	28	580
44	28	266
45	28	-1
46	28	280
47	28	0
48	28	-1
49	28	-1
50	28	0
51	28	-1
52	28	-1
53	28	-1
54	28	-1
55	28	0
56	28	-1
57	28	-1
58	28	-1
59	28	-1
60	28	0
61	28	-1
62	28	-1
63	28	-1
64	28	-1
65	28	0
66	28	0
67	28	0
68	28	405
69	28	-1
70	28	-1
71	28	-1
72	28	-1
73	28	0
74	28	-1
75	28	0
76	28	0
77	28	0
78	28	0
79	28	55
80	28	0
81	28	-1
82	28	0
83	28	0
84	28	0
85	28	16
86	28	-1
87	28	0
88	28	0
89	28	0
90	28	-1
91	28	-1
92	28	-1
93	28	-1
94	28	102
95	28	63
96	28	-1
97	28	-1
98	28	70
99	28	0
100	28	0
101	28	0
102	28	70
103	28	-1
104	28	0
105	28	-1
106	28	-1
107	28	-1
108	28	-1
109	28	-1
110	28	-1
111	28	0
112	28	0
113	28	16
114	28	-1
115	28	-1
116	28	0
117	28	-1
118	28	0
119	28	-1
120	28	16
121	28	-1
122	28	-1
123	28	-1
124	28	0
125	28	-1
126	28	-1
127	28	-1
128	28	0
129	28	0
130	28	0
131	28	-1
132	28	0
133	28	0
134	28	0
135	28	-1
136	28	0
137	28	0
138	28	-1
139	28	0
140	28	459
141	28	63
142	28	0
143	28	16
144	28	0
145	28	0
146	28	0
147	28	0
148	28	218
0	29	0
1	29	0
2	29	0
3	29	-1
4	29	16
5	29	126
6	29	0
7	29	0
8	29	126
9	29	0
10	29	-1
11	29	0
12	29	0
13	29	-1
14	29	-1
15	29	47
16	29	-1
17	29	-1
18	29	-1
19	29	164
20	29	398
21	29	546
22	29	-1
23	29	0
24	29	507
25	29	0
26	29	0
27	29	79
28	29	0
29	29	0
30	29	491
31	29	-1
32	29	0
33	29	-1
34	29	0
35	29	0
36	29	-1
37	29	0
38	29	0
39	29	-1
40	29	-1
41	29	0
42	29	375
43	29	289
44	29	234
45	29	-1
46	29	250
47	29	0
48	29	-1
49	29	-1
50	29	0
51	29	-1
52	29	-1
53	29	-1
54	29	-1
55	29	0
56	29	-1
57	29	16
58	29	-1
59	29	-1
60	29	-1
61	29	-1
62	29	-1
63	29	-1
64	29	-1
65	29	-1
66	29	0
67	29	180
68	29	437
69	29	-1
70	29	-1
71	29	-1
72	29	-1
73	29	0
74	29	32
75	29	0
76	29	195
77	29	0
78	29	55
79	29	47
80	29	0
81	29	32
82	29	0
83	29	-1
84	29	0
85	29	0
86	29	0
87	29	0
88	29	0
89	29	0
90	29	-1
91	29	-1
92	29	-1
93	29	0
94	29	32
95	29	197
96	29	-1
97	29	-1
98	29	63
99	29	197
100	29	16
101	29	0
102	29	142
103	29	0
104	29	16
105	29	-1
106	29	-1
107	29	0
108	29	-1
109	29	-1
110	29	0
111	29	-1
112	29	-1
113	29	0
114	29	0
115	29	0
116	29	0
117	29	-1
118	29	0
119	29	-1
120	29	141
121	29	-1
122	29	-1
123	29	-1
124	29	0
125	29	-1
126	29	-1
127	29	-1
128	29	-1
129	29	-1
130	29	0
131	29	-1
132	29	0
133	29	0
134	29	0
135	29	-1
136	29	16
137	29	0
138	29	-1
139	29	16
140	29	507
141	29	266
142	29	0
143	29	164
144	29	0
145	29	55
146	29	16
147	29	382
148	29	453
0	30	-1
1	30	-1
2	30	-1
3	30	-1
4	30	-1
5	30	-1
6	30	-1
7	30	-1
8	30	0
9	30	-1
10	30	-1
11	30	0
12	30	0
13	30	-1
14	30	-1
15	30	-1
16	30	-1
17	30	0
18	30	-1
19	30	16
20	30	141
21	30	195
22	30	-1
23	30	-1
24	30	273
25	30	-1
26	30	0
27	30	-1
28	30	0
29	30	-1
30	30	0
31	30	-1
32	30	-1
33	30	-1
34	30	-1
35	30	0
36	30	0
37	30	0
38	30	0
39	30	0
40	30	-1
41	30	0
42	30	55
43	30	234
44	30	55
45	30	-1
46	30	55
47	30	0
48	30	-1
49	30	-1
50	30	0
51	30	0
52	30	-1
53	30	-1
54	30	0
55	30	-1
56	30	-1
57	30	0
58	30	-1
59	30	-1
60	30	-1
61	30	-1
62	30	-1
63	30	-1
64	30	-1
65	30	0
66	30	0
67	30	0
68	30	157
69	30	-1
70	30	-1
71	30	-1
72	30	-1
73	30	0
74	30	0
75	30	0
76	30	-1
77	30	0
78	30	-1
79	30	-1
80	30	-1
81	30	0
82	30	-1
83	30	-1
84	30	-1
85	30	0
86	30	-1
87	30	-1
88	30	-1
89	30	0
90	30	-1
91	30	-1
92	30	-1
93	30	0
94	30	382
95	30	-1
96	30	-1
97	30	-1
98	30	0
99	30	86
100	30	195
101	30	-1
102	30	47
103	30	0
104	30	0
105	30	-1
106	30	0
107	30	0
108	30	-1
109	30	-1
110	30	0
111	30	0
112	30	-1
113	30	-1
114	30	-1
115	30	-1
116	30	0
117	30	0
118	30	0
119	30	-1
120	30	0
121	30	-1
122	30	-1
123	30	-1
124	30	-1
125	30	-1
126	30	-1
127	30	-1
128	30	-1
129	30	0
130	30	0
131	30	-1
132	30	0
133	30	0
134	30	0
135	30	-1
136	30	-1
137	30	0
138	30	-1
139	30	86
140	30	125
141	30	70
142	30	164
143	30	0
144	30	0
145	30	102
146	30	0
147	30	141
148	30	70
0	31	-1
1	31	16
2	31	0
3	31	-1
4	31	0
5	31	47
6	31	-1
7	31	-1
8	31	158
9	31	-1
10	31	-1
11	31	134
12	31	0
13	31	-1
14	31	-1
15	31	32
16	31	-1
17	31	0
18	31	-1
19	31	0
20	31	179
21	31	682
22	31	-1
23	31	-1
24	31	16
25	31	47
26	31	0
27	31	0
28	31	0
29	31	55
30	31	86
31	31	-1
32	31	-1
33	31	-1
34	31	-1
35	31	0
36	31	-1
37	31	0
38	31	0
39	31	-1
40	31	-1
41	31	0
42	31	16
43	31	489
44	31	432
45	31	-1
46	31	134
47	31	0
48	31	-1
49	31	-1
50	31	70
51	31	132
52	31	95
53	31	0
54	31	32
55	31	142
56	31	16
57	31	0
58	31	-1
59	31	-1
60	31	-1
61	31	-1
62	31	-1
63	31	-1
64	31	-1
65	31	-1
66	31	0
67	31	63
68	31	528
69	31	-1
70	31	-1
71	31	-1
72	31	-1
73	31	0
74	31	0
75	31	-1
76	31	0
77	31	0
78	31	-1
79	31	-1
80	31	0
81	31	0
82	31	0
83	31	-1
84	31	-1
85	31	0
86	31	0
87	31	-1
88	31	0
89	31	0
90	31	-1
91	31	-1
92	31	-1
93	31	126
94	31	63
95	31	0
96	31	-1
97	31	16
98	31	16
99	31	16
100	31	-1
101	31	-1
102	31	118
103	31	0
104	31	16
105	31	-1
106	31	-1
107	31	-1
108	31	-1
109	31	-1
110	31	16
111	31	0
112	31	-1
113	31	32
114	31	-1
115	31	-1
116	31	0
117	31	0
118	31	0
119	31	-1
120	31	100
121	31	-1
122	31	-1
123	31	-1
124	31	0
125	31	-1
126	31	-1
127	31	-1
128	31	-1
129	31	-1
130	31	-1
131	31	-1
132	31	0
133	31	0
134	31	-1
135	31	-1
136	31	-1
137	31	-1
138	31	-1
139	31	-1
140	31	-1
141	31	179
142	31	-1
143	31	0
144	31	-1
145	31	179
146	31	0
147	31	63
148	31	605
0	32	-1
1	32	-1
2	32	-1
3	32	-1
4	32	-1
5	32	-1
6	32	-1
7	32	-1
8	32	-1
9	32	-1
10	32	-1
11	32	0
12	32	-1
13	32	-1
14	32	-1
15	32	-1
16	32	-1
17	32	-1
18	32	-1
19	32	1000
20	32	1000
21	32	605
22	32	-1
23	32	-1
24	32	157
25	32	-1
26	32	149
27	32	0
28	32	0
29	32	-1
30	32	0
31	32	-1
32	32	-1
33	32	-1
34	32	-1
35	32	0
36	32	-1
37	32	0
38	32	0
39	32	-1
40	32	-1
41	32	0
42	32	343
43	32	480
44	32	186
45	32	-1
46	32	-1
47	32	-1
48	32	-1
49	32	-1
50	32	0
51	32	-1
52	32	-1
53	32	-1
54	32	-1
55	32	-1
56	32	-1
57	32	-1
58	32	-1
59	32	-1
60	32	-1
61	32	-1
62	32	-1
63	32	-1
64	32	-1
65	32	0
66	32	0
67	32	32
68	32	-1
69	32	-1
70	32	-1
71	32	-1
72	32	-1
73	32	0
74	32	-1
75	32	-1
76	32	-1
77	32	-1
78	32	-1
79	32	-1
80	32	-1
81	32	-1
82	32	-1
83	32	-1
84	32	-1
85	32	470
86	32	-1
87	32	-1
88	32	-1
89	32	-1
90	32	-1
91	32	-1
92	32	432
93	32	-1
94	32	170
95	32	-1
96	32	-1
97	32	-1
98	32	118
99	32	47
100	32	111
101	32	-1
102	32	181
103	32	0
104	32	0
105	32	-1
106	32	-1
107	32	-1
108	32	-1
109	32	-1
110	32	-1
111	32	-1
112	32	-1
113	32	0
114	32	-1
115	32	-1
116	32	0
117	32	-1
118	32	16
119	32	0
120	32	0
121	32	-1
122	32	-1
123	32	-1
124	32	0
125	32	-1
126	32	-1
127	32	-1
128	32	-1
129	32	-1
130	32	-1
131	32	-1
132	32	0
133	32	0
134	32	-1
135	32	-1
136	32	-1
137	32	0
138	32	-1
139	32	800
140	32	398
141	32	1000
142	32	-1
143	32	100
144	32	0
145	32	100
146	32	-1
147	32	1000
148	32	514
0	33	-1
1	33	0
2	33	-1
3	33	-1
4	33	0
5	33	-1
6	33	-1
7	33	-1
8	33	16
9	33	0
10	33	-1
11	33	0
12	33	-1
13	33	-1
14	33	-1
15	33	0
16	33	-1
17	33	-1
18	33	-1
19	33	149
20	33	382
21	33	682
22	33	-1
23	33	16
24	33	313
25	33	343
26	33	391
27	33	125
28	33	0
29	33	343
30	33	511
31	33	-1
32	33	32
33	33	-1
34	33	16
35	33	0
36	33	-1
37	33	0
38	33	0
39	33	-1
40	33	-1
41	33	0
42	33	16
43	33	618
44	33	325
45	33	-1
46	33	-1
47	33	0
48	33	-1
49	33	-1
50	33	0
51	33	-1
52	33	-1
53	33	-1
54	33	-1
55	33	-1
56	33	-1
57	33	-1
58	33	-1
59	33	-1
60	33	-1
61	33	-1
62	33	-1
63	33	-1
64	33	-1
65	33	-1
66	33	0
67	33	0
68	33	573
69	33	-1
70	33	-1
71	33	-1
72	33	-1
73	33	0
74	33	16
75	33	-1
76	33	-1
77	33	0
78	33	-1
79	33	16
80	33	-1
81	33	0
82	33	-1
83	33	16
84	33	0
85	33	318
86	33	126
87	33	-1
88	33	0
89	33	0
90	33	-1
91	33	-1
92	33	86
93	33	-1
94	33	172
95	33	70
96	33	-1
97	33	-1
98	33	0
99	33	149
100	33	181
101	33	0
102	33	391
103	33	0
104	33	0
105	33	-1
106	33	-1
107	33	-1
108	33	-1
109	33	-1
110	33	-1
111	33	-1
112	33	-1
113	33	-1
114	33	55
115	33	125
116	33	55
117	33	55
118	33	125
119	33	0
120	33	249
121	33	-1
122	33	-1
123	33	16
124	33	0
125	33	-1
126	33	-1
127	33	-1
128	33	-1
129	33	-1
130	33	-1
131	33	-1
132	33	0
133	33	16
134	33	0
135	33	-1
136	33	-1
137	33	0
138	33	-1
139	33	-1
140	33	-1
141	33	488
142	33	16
143	33	0
144	33	0
145	33	397
146	33	0
147	33	449
148	33	818
0	34	-1
1	34	0
2	34	0
3	34	-1
4	34	0
5	34	0
6	34	-1
7	34	0
8	34	16
9	34	-1
10	34	-1
11	34	0
12	34	0
13	34	0
14	34	-1
15	34	0
16	34	-1
17	34	-1
18	34	-1
19	34	0
20	34	234
21	34	434
22	34	-1
23	34	-1
24	34	134
25	34	0
26	34	32
27	34	0
28	34	0
29	34	0
30	34	202
31	34	-1
32	34	-1
33	34	-1
34	34	0
35	34	0
36	34	0
37	34	0
38	34	0
39	34	-1
40	34	-1
41	34	0
42	34	79
43	34	411
44	34	180
45	34	-1
46	34	309
47	34	47
48	34	0
49	34	0
50	34	157
51	34	16
52	34	-1
53	34	47
54	34	47
55	34	0
56	34	16
57	34	55
58	34	-1
59	34	-1
60	34	-1
61	34	-1
62	34	0
63	34	-1
64	34	-1
65	34	0
66	34	0
67	34	16
68	34	318
69	34	-1
70	34	-1
71	34	-1
72	34	-1
73	34	-1
74	34	0
75	34	-1
76	34	-1
77	34	0
78	34	-1
79	34	-1
80	34	0
81	34	0
82	34	-1
83	34	-1
84	34	-1
85	34	-1
86	34	0
87	34	-1
88	34	-1
89	34	0
90	34	-1
91	34	-1
92	34	-1
93	34	-1
94	34	0
95	34	0
96	34	-1
97	34	47
98	34	0
99	34	116
100	34	0
101	34	-1
102	34	32
103	34	0
104	34	0
105	34	-1
106	34	-1
107	34	-1
108	34	-1
109	34	-1
110	34	-1
111	34	-1
112	34	-1
113	34	63
114	34	-1
115	34	-1
116	34	0
117	34	0
118	34	0
119	34	-1
120	34	16
121	34	-1
122	34	-1
123	34	-1
124	34	0
125	34	-1
126	34	-1
127	34	-1
128	34	-1
129	34	-1
130	34	0
131	34	-1
132	34	0
133	34	0
134	34	0
135	34	0
136	34	0
137	34	-1
138	34	-1
139	34	0
140	34	-1
141	34	366
142	34	-1
143	34	-1
144	34	0
145	34	250
146	34	0
147	34	227
148	34	470
0	35	0
1	35	0
2	35	0
3	35	-1
4	35	0
5	35	0
6	35	-1
7	35	0
8	35	0
9	35	-1
10	35	0
11	35	0
12	35	0
13	35	-1
14	35	-1
15	35	0
16	35	-1
17	35	-1
18	35	-1
19	35	0
20	35	0
21	35	125
22	35	-1
23	35	-1
24	35	125
25	35	0
26	35	0
27	35	0
28	35	0
29	35	0
30	35	55
31	35	0
32	35	0
33	35	-1
34	35	-1
35	35	0
36	35	0
37	35	0
38	35	0
39	35	0
40	35	-1
41	35	0
42	35	109
43	35	195
44	35	0
45	35	-1
46	35	55
47	35	0
48	35	-1
49	35	-1
50	35	0
51	35	0
52	35	-1
53	35	0
54	35	0
55	35	0
56	35	-1
57	35	0
58	35	-1
59	35	-1
60	35	-1
61	35	-1
62	35	-1
63	35	-1
64	35	-1
65	35	0
66	35	0
67	35	0
68	35	70
69	35	0
70	35	-1
71	35	0
72	35	0
73	35	0
74	35	0
75	35	0
76	35	0
77	35	0
78	35	-1
79	35	-1
80	35	0
81	35	0
82	35	-1
83	35	-1
84	35	0
85	35	70
86	35	55
87	35	0
88	35	-1
89	35	0
90	35	-1
91	35	-1
92	35	70
93	35	0
94	35	16
95	35	0
96	35	-1
97	35	-1
98	35	0
99	35	0
100	35	109
101	35	0
102	35	0
103	35	0
104	35	0
105	35	-1
106	35	-1
107	35	0
108	35	-1
109	35	-1
110	35	0
111	35	0
112	35	-1
113	35	0
114	35	0
115	35	0
116	35	0
117	35	-1
118	35	0
119	35	-1
120	35	0
121	35	-1
122	35	-1
123	35	-1
124	35	0
125	35	-1
126	35	-1
127	35	-1
128	35	-1
129	35	-1
130	35	-1
131	35	-1
132	35	0
133	35	0
134	35	-1
135	35	55
136	35	0
137	35	-1
138	35	-1
139	35	-1
140	35	234
141	35	0
142	35	-1
143	35	0
144	35	55
145	35	0
146	35	0
147	35	0
148	35	55
0	36	-1
1	36	0
2	36	-1
3	36	-1
4	36	47
5	36	0
6	36	-1
7	36	0
8	36	16
9	36	-1
10	36	-1
11	36	32
12	36	0
13	36	-1
14	36	-1
15	36	16
16	36	0
17	36	0
18	36	0
19	36	0
20	36	274
21	36	557
22	36	-1
23	36	-1
24	36	634
25	36	134
26	36	211
27	36	32
28	36	0
29	36	0
30	36	463
31	36	-1
32	36	-1
33	36	0
34	36	0
35	36	0
36	36	0
37	36	0
38	36	0
39	36	0
40	36	-1
41	36	0
42	36	86
43	36	263
44	36	255
45	36	-1
46	36	-1
47	36	0
48	36	-1
49	36	-1
50	36	0
51	36	-1
52	36	-1
53	36	-1
54	36	-1
55	36	-1
56	36	-1
57	36	-1
58	36	-1
59	36	-1
60	36	-1
61	36	-1
62	36	-1
63	36	0
64	36	-1
65	36	0
66	36	0
67	36	16
68	36	470
69	36	-1
70	36	-1
71	36	-1
72	36	-1
73	36	0
74	36	0
75	36	0
76	36	0
77	36	16
78	36	-1
79	36	55
80	36	0
81	36	0
82	36	-1
83	36	-1
84	36	-1
85	36	0
86	36	0
87	36	-1
88	36	-1
89	36	0
90	36	-1
91	36	0
92	36	-1
93	36	0
94	36	0
95	36	47
96	36	0
97	36	-1
98	36	0
99	36	70
100	36	47
101	36	-1
102	36	102
103	36	-1
104	36	32
105	36	-1
106	36	-1
107	36	0
108	36	-1
109	36	-1
110	36	63
111	36	0
112	36	0
113	36	79
114	36	16
115	36	125
116	36	0
117	36	-1
118	36	118
119	36	0
120	36	232
121	36	0
122	36	-1
123	36	-1
124	36	0
125	36	-1
126	36	-1
127	36	0
128	36	0
129	36	0
130	36	0
131	36	0
132	36	0
133	36	0
134	36	0
135	36	0
136	36	0
137	36	-1
138	36	-1
139	36	-1
140	36	700
141	36	266
142	36	0
143	36	0
144	36	0
145	36	125
146	36	0
147	36	0
148	36	416
0	37	-1
1	37	0
2	37	-1
3	37	-1
4	37	0
5	37	0
6	37	-1
7	37	0
8	37	0
9	37	-1
10	37	-1
11	37	0
12	37	0
13	37	-1
14	37	-1
15	37	-1
16	37	0
17	37	-1
18	37	-1
19	37	430
20	37	491
21	37	537
22	37	-1
23	37	-1
24	37	172
25	37	0
26	37	0
27	37	0
28	37	0
29	37	16
30	37	32
31	37	-1
32	37	-1
33	37	-1
34	37	0
35	37	0
36	37	-1
37	37	0
38	37	0
39	37	-1
40	37	-1
41	37	0
42	37	553
43	37	405
44	37	375
45	37	-1
46	37	343
47	37	0
48	37	-1
49	37	-1
50	37	16
51	37	70
52	37	-1
53	37	320
54	37	289
55	37	0
56	37	63
57	37	305
58	37	-1
59	37	-1
60	37	-1
61	37	0
62	37	-1
63	37	-1
64	37	-1
65	37	0
66	37	343
67	37	0
68	37	366
69	37	-1
70	37	0
71	37	-1
72	37	-1
73	37	0
74	37	109
75	37	0
76	37	180
77	37	0
78	37	0
79	37	16
80	37	0
81	37	47
82	37	109
83	37	-1
84	37	-1
85	37	195
86	37	32
87	37	0
88	37	0
89	37	0
90	37	-1
91	37	-1
92	37	-1
93	37	-1
94	37	211
95	37	70
96	37	16
97	37	32
98	37	16
99	37	0
100	37	125
101	37	0
102	37	491
103	37	0
104	37	0
105	37	352
106	37	149
107	37	134
108	37	453
109	37	414
110	37	-1
111	37	0
112	37	0
113	37	0
114	37	0
115	37	0
116	37	0
117	37	0
118	37	-1
119	37	-1
120	37	86
121	37	0
122	37	-1
123	37	0
124	37	0
125	37	-1
126	37	-1
127	37	-1
128	37	-1
129	37	0
130	37	-1
131	37	-1
132	37	0
133	37	0
134	37	0
135	37	16
136	37	32
137	37	-1
138	37	-1
139	37	-1
140	37	543
141	37	507
142	37	204
143	37	375
144	37	0
145	37	375
146	37	336
147	37	437
148	37	582
0	38	-1
1	38	0
2	38	-1
3	38	-1
4	38	0
5	38	-1
6	38	-1
7	38	0
8	38	0
9	38	-1
10	38	-1
11	38	0
12	38	0
13	38	-1
14	38	-1
15	38	-1
16	38	-1
17	38	16
18	38	-1
19	38	546
20	38	773
21	38	507
22	38	-1
23	38	-1
24	38	280
25	38	-1
26	38	0
27	38	0
28	38	0
29	38	0
30	38	55
31	38	-1
32	38	-1
33	38	-1
34	38	0
35	38	0
36	38	0
37	38	0
38	38	0
39	38	0
40	38	-1
41	38	0
42	38	16
43	38	582
44	38	55
45	38	-1
46	38	211
47	38	0
48	38	-1
49	38	-1
50	38	0
51	38	0
52	38	-1
53	38	-1
54	38	0
55	38	-1
56	38	-1
57	38	0
58	38	-1
59	38	-1
60	38	-1
61	38	-1
62	38	-1
63	38	-1
64	38	-1
65	38	0
66	38	0
67	38	0
68	38	382
69	38	-1
70	38	0
71	38	-1
72	38	-1
73	38	0
74	38	55
75	38	-1
76	38	0
77	38	0
78	38	-1
79	38	0
80	38	-1
81	38	0
82	38	-1
83	38	-1
84	38	-1
85	38	32
86	38	-1
87	38	-1
88	38	-1
89	38	0
90	38	-1
91	38	-1
92	38	-1
93	38	-1
94	38	0
95	38	55
96	38	-1
97	38	-1
98	38	-1
99	38	218
100	38	32
101	38	0
102	38	102
103	38	0
104	38	0
105	38	0
106	38	0
107	38	-1
108	38	0
109	38	-1
110	38	-1
111	38	0
112	38	-1
113	38	-1
114	38	0
115	38	-1
116	38	0
117	38	0
118	38	0
119	38	0
120	38	55
121	38	-1
122	38	-1
123	38	-1
124	38	0
125	38	-1
126	38	-1
127	38	-1
128	38	-1
129	38	0
130	38	-1
131	38	-1
132	38	0
133	38	0
134	38	0
135	38	-1
136	38	-1
137	38	-1
138	38	-1
139	38	0
140	38	-1
141	38	553
142	38	164
143	38	273
144	38	0
145	38	0
146	38	125
147	38	507
148	38	309
0	39	-1
1	39	0
2	39	-1
3	39	-1
4	39	0
5	39	-1
6	39	-1
7	39	-1
8	39	0
9	39	-1
10	39	-1
11	39	0
12	39	0
13	39	-1
14	39	-1
15	39	0
16	39	-1
17	39	0
18	39	-1
19	39	0
20	39	102
21	39	259
22	39	-1
23	39	-1
24	39	328
25	39	-1
26	39	0
27	39	0
28	39	0
29	39	0
30	39	16
31	39	-1
32	39	-1
33	39	-1
34	39	0
35	39	0
36	39	0
37	39	0
38	39	0
39	39	0
40	39	-1
41	39	0
42	39	134
43	39	297
44	39	109
45	39	-1
46	39	-1
47	39	0
48	39	-1
49	39	-1
50	39	16
51	39	47
52	39	-1
53	39	16
54	39	0
55	39	0
56	39	16
57	39	32
58	39	-1
59	39	-1
60	39	-1
61	39	-1
62	39	-1
63	39	-1
64	39	-1
65	39	0
66	39	0
67	39	0
68	39	343
69	39	-1
70	39	-1
71	39	-1
72	39	-1
73	39	0
74	39	0
75	39	-1
76	39	0
77	39	-1
78	39	-1
79	39	0
80	39	0
81	39	0
82	39	-1
83	39	-1
84	39	-1
85	39	0
86	39	0
87	39	-1
88	39	-1
89	39	0
90	39	-1
91	39	-1
92	39	-1
93	39	-1
94	39	0
95	39	-1
96	39	-1
97	39	-1
98	39	55
99	39	16
100	39	0
101	39	-1
102	39	32
103	39	0
104	39	0
105	39	-1
106	39	0
107	39	-1
108	39	0
109	39	-1
110	39	0
111	39	0
112	39	-1
113	39	0
114	39	-1
115	39	-1
116	39	0
117	39	0
118	39	0
119	39	-1
120	39	0
121	39	-1
122	39	-1
123	39	-1
124	39	0
125	39	-1
126	39	-1
127	39	-1
128	39	-1
129	39	0
130	39	-1
131	39	-1
132	39	0
133	39	0
134	39	0
135	39	-1
136	39	-1
137	39	-1
138	39	-1
139	39	0
140	39	-1
141	39	118
142	39	-1
143	39	0
144	39	0
145	39	95
146	39	0
147	39	16
148	39	398
0	40	-1
1	40	0
2	40	0
3	40	-1
4	40	32
5	40	32
6	40	-1
7	40	16
8	40	0
9	40	-1
10	40	-1
11	40	16
12	40	0
13	40	0
14	40	-1
15	40	0
16	40	-1
17	40	0
18	40	-1
19	40	70
20	40	430
21	40	728
22	40	-1
23	40	-1
24	40	141
25	40	86
26	40	181
27	40	47
28	40	0
29	40	188
30	40	434
31	40	-1
32	40	0
33	40	0
34	40	0
35	40	0
36	40	0
37	40	0
38	40	0
39	40	0
40	40	-1
41	40	0
42	40	257
43	40	534
44	40	350
45	40	-1
46	40	495
47	40	0
48	40	-1
49	40	-1
50	40	0
51	40	0
52	40	-1
53	40	0
54	40	0
55	40	0
56	40	-1
57	40	0
58	40	-1
59	40	-1
60	40	-1
61	40	-1
62	40	-1
63	40	-1
64	40	-1
65	40	0
66	40	0
67	40	188
68	40	618
69	40	-1
70	40	-1
71	40	47
72	40	-1
73	40	0
74	40	109
75	40	0
76	40	16
77	40	32
78	40	-1
79	40	32
80	40	-1
81	40	0
82	40	-1
83	40	0
84	40	0
85	40	0
86	40	0
87	40	-1
88	40	0
89	40	0
90	40	-1
91	40	-1
92	40	-1
93	40	158
94	40	16
95	40	0
96	40	-1
97	40	-1
98	40	86
99	40	47
100	40	95
101	40	0
102	40	598
103	40	0
104	40	141
105	40	-1
106	40	0
107	40	0
108	40	0
109	40	-1
110	40	47
111	40	0
112	40	0
113	40	95
114	40	0
115	40	32
116	40	0
117	40	0
118	40	16
119	40	-1
120	40	102
121	40	-1
122	40	-1
123	40	-1
124	40	0
125	40	0
126	40	-1
127	40	-1
128	40	0
129	40	0
130	40	0
131	40	0
132	40	0
133	40	0
134	40	-1
135	40	0
136	40	0
137	40	-1
138	40	-1
139	40	-1
140	40	682
141	40	559
142	40	0
143	40	0
144	40	0
145	40	0
146	40	0
147	40	313
148	40	773
0	41	-1
1	41	0
2	41	-1
3	41	-1
4	41	0
5	41	-1
6	41	-1
7	41	0
8	41	0
9	41	0
10	41	-1
11	41	0
12	41	-1
13	41	-1
14	41	-1
15	41	0
16	41	-1
17	41	0
18	41	-1
19	41	0
20	41	118
21	41	288
22	41	-1
23	41	-1
24	41	0
25	41	-1
26	41	0
27	41	0
28	41	0
29	41	0
30	41	16
31	41	-1
32	41	0
33	41	-1
34	41	-1
35	41	0
36	41	0
37	41	0
38	41	0
39	41	0
40	41	-1
41	41	0
42	41	125
43	41	357
44	41	-1
45	41	-1
46	41	70
47	41	0
48	41	-1
49	41	-1
50	41	0
51	41	0
52	41	0
53	41	0
54	41	0
55	41	0
56	41	-1
57	41	0
58	41	-1
59	41	-1
60	41	-1
61	41	-1
62	41	-1
63	41	-1
64	41	-1
65	41	0
66	41	0
67	41	0
68	41	-1
69	41	-1
70	41	-1
71	41	-1
72	41	-1
73	41	0
74	41	0
75	41	0
76	41	0
77	41	0
78	41	-1
79	41	0
80	41	0
81	41	0
82	41	-1
83	41	-1
84	41	-1
85	41	0
86	41	-1
87	41	0
88	41	0
89	41	0
90	41	0
91	41	-1
92	41	-1
93	41	0
94	41	86
95	41	0
96	41	-1
97	41	-1
98	41	16
99	41	47
100	41	0
101	41	-1
102	41	63
103	41	0
104	41	0
105	41	0
106	41	0
107	41	0
108	41	0
109	41	0
110	41	-1
111	41	0
112	41	-1
113	41	-1
114	41	-1
115	41	-1
116	41	0
117	41	0
118	41	0
119	41	-1
120	41	32
121	41	-1
122	41	-1
123	41	-1
124	41	0
125	41	-1
126	41	-1
127	41	-1
128	41	-1
129	41	-1
130	41	-1
131	41	-1
132	41	0
133	41	0
134	41	0
135	41	-1
136	41	0
137	41	0
138	41	-1
139	41	0
140	41	318
141	41	102
142	41	-1
143	41	0
144	41	0
145	41	118
146	41	0
147	41	32
148	41	343
0	42	0
1	42	0
2	42	0
3	42	-1
4	42	55
5	42	-1
6	42	0
7	42	-1
8	42	0
9	42	-1
10	42	-1
11	42	16
12	42	0
13	42	-1
14	42	-1
15	42	0
16	42	-1
17	42	-1
18	42	-1
19	42	0
20	42	102
21	42	141
22	42	-1
23	42	-1
24	42	0
25	42	32
26	42	47
27	42	16
28	42	0
29	42	-1
30	42	55
31	42	-1
32	42	-1
33	42	-1
34	42	0
35	42	0
36	42	-1
37	42	0
38	42	0
39	42	-1
40	42	0
41	42	0
42	42	0
43	42	32
44	42	55
45	42	-1
46	42	-1
47	42	-1
48	42	-1
49	42	-1
50	42	0
51	42	0
52	42	-1
53	42	0
54	42	-1
55	42	0
56	42	-1
57	42	-1
58	42	-1
59	42	-1
60	42	-1
61	42	0
62	42	-1
63	42	-1
64	42	-1
65	42	0
66	42	0
67	42	70
68	42	-1
69	42	0
70	42	-1
71	42	55
72	42	-1
73	42	0
74	42	32
75	42	0
76	42	0
77	42	0
78	42	0
79	42	16
80	42	0
81	42	0
82	42	16
83	42	-1
84	42	-1
85	42	0
86	42	-1
87	42	0
88	42	-1
89	42	0
90	42	0
91	42	-1
92	42	0
93	42	0
94	42	0
95	42	0
96	42	0
97	42	-1
98	42	0
99	42	0
100	42	0
101	42	0
102	42	55
103	42	0
104	42	0
105	42	0
106	42	-1
107	42	0
108	42	-1
109	42	-1
110	42	32
111	42	-1
112	42	-1
113	42	0
114	42	0
115	42	70
116	42	0
117	42	0
118	42	32
119	42	0
120	42	0
121	42	0
122	42	-1
123	42	-1
124	42	-1
125	42	-1
126	42	-1
127	42	-1
128	42	-1
129	42	0
130	42	-1
131	42	0
132	42	16
133	42	0
134	42	0
135	42	-1
136	42	0
137	42	0
138	42	-1
139	42	16
140	42	55
141	42	79
142	42	-1
143	42	0
144	42	0
145	42	0
146	42	16
147	42	32
148	42	141
0	43	-1
1	43	0
2	43	-1
3	43	-1
4	43	0
5	43	-1
6	43	-1
7	43	0
8	43	16
9	43	-1
10	43	-1
11	43	0
12	43	16
13	43	-1
14	43	-1
15	43	0
16	43	-1
17	43	-1
18	43	-1
19	43	16
20	43	405
21	43	437
22	43	-1
23	43	-1
24	43	0
25	43	-1
26	43	63
27	43	-1
28	43	0
29	43	0
30	43	0
31	43	-1
32	43	-1
33	43	-1
34	43	-1
35	43	0
36	43	0
37	43	0
38	43	0
39	43	-1
40	43	-1
41	43	0
42	43	70
43	43	468
44	43	86
45	43	-1
46	43	86
47	43	0
48	43	-1
49	43	-1
50	43	0
51	43	0
52	43	-1
53	43	0
54	43	70
55	43	0
56	43	0
57	43	70
58	43	-1
59	43	-1
60	43	-1
61	43	-1
62	43	-1
63	43	-1
64	43	-1
65	43	0
66	43	16
67	43	0
68	43	428
69	43	-1
70	43	-1
71	43	-1
72	43	-1
73	43	0
74	43	0
75	43	-1
76	43	16
77	43	0
78	43	-1
79	43	-1
80	43	0
81	43	0
82	43	0
83	43	-1
84	43	-1
85	43	-1
86	43	16
87	43	16
88	43	-1
89	43	0
90	43	-1
91	43	-1
92	43	-1
93	43	0
94	43	125
95	43	-1
96	43	-1
97	43	-1
98	43	0
99	43	47
100	43	47
101	43	-1
102	43	118
103	43	0
104	43	16
105	43	-1
106	43	0
107	43	-1
108	43	-1
109	43	-1
110	43	-1
111	43	-1
112	43	-1
113	43	165
114	43	0
115	43	-1
116	43	0
117	43	16
118	43	102
119	43	-1
120	43	47
121	43	-1
122	43	-1
123	43	-1
124	43	0
125	43	-1
126	43	-1
127	43	-1
128	43	-1
129	43	-1
130	43	-1
131	43	-1
132	43	0
133	43	0
134	43	-1
135	43	-1
136	43	-1
137	43	0
138	43	-1
139	43	70
140	43	414
141	43	195
142	43	0
143	43	0
144	43	0
145	43	0
146	43	0
147	43	450
148	43	398
0	44	-1
1	44	0
2	44	-1
3	44	-1
4	44	0
5	44	-1
6	44	-1
7	44	-1
8	44	0
9	44	-1
10	44	-1
11	44	-1
12	44	-1
13	44	-1
14	44	-1
15	44	0
16	44	-1
17	44	0
18	44	-1
19	44	0
20	44	395
21	44	263
22	44	-1
23	44	-1
24	44	0
25	44	-1
26	44	0
27	44	-1
28	44	0
29	44	-1
30	44	-1
31	44	-1
32	44	-1
33	44	-1
34	44	-1
35	44	0
36	44	0
37	44	0
38	44	0
39	44	0
40	44	-1
41	44	0
42	44	-1
43	44	86
44	44	16
45	44	-1
46	44	0
47	44	-1
48	44	-1
49	44	-1
50	44	0
51	44	0
52	44	-1
53	44	-1
54	44	-1
55	44	-1
56	44	-1
57	44	-1
58	44	-1
59	44	-1
60	44	-1
61	44	-1
62	44	-1
63	44	-1
64	44	-1
65	44	0
66	44	0
67	44	0
68	44	525
69	44	-1
70	44	-1
71	44	-1
72	44	-1
73	44	0
74	44	55
75	44	-1
76	44	573
77	44	-1
78	44	0
79	44	-1
80	44	0
81	44	86
82	44	-1
83	44	-1
84	44	-1
85	44	-1
86	44	-1
87	44	-1
88	44	-1
89	44	0
90	44	-1
91	44	-1
92	44	-1
93	44	-1
94	44	0
95	44	-1
96	44	-1
97	44	-1
98	44	-1
99	44	0
100	44	0
101	44	-1
102	44	-1
103	44	0
104	44	0
105	44	-1
106	44	-1
107	44	-1
108	44	-1
109	44	-1
110	44	-1
111	44	-1
112	44	-1
113	44	-1
114	44	-1
115	44	-1
116	44	0
117	44	-1
118	44	0
119	44	-1
120	44	-1
121	44	-1
122	44	-1
123	44	-1
124	44	0
125	44	-1
126	44	-1
127	44	-1
128	44	-1
129	44	-1
130	44	-1
131	44	-1
132	44	0
133	44	0
134	44	-1
135	44	-1
136	44	-1
137	44	-1
138	44	-1
139	44	0
140	44	470
141	44	389
142	44	-1
143	44	0
144	44	-1
145	44	0
146	44	55
147	44	125
148	44	398
0	45	-1
1	45	0
2	45	-1
3	45	0
4	45	-1
5	45	-1
6	45	-1
7	45	0
8	45	0
9	45	-1
10	45	-1
11	45	0
12	45	0
13	45	-1
14	45	-1
15	45	-1
16	45	-1
17	45	-1
18	45	-1
19	45	591
20	45	734
21	45	343
22	45	-1
23	45	-1
24	45	102
25	45	-1
26	45	0
27	45	-1
28	45	0
29	45	0
30	45	16
31	45	-1
32	45	-1
33	45	-1
34	45	-1
35	45	0
36	45	0
37	45	0
38	45	-1
39	45	0
40	45	-1
41	45	0
42	45	263
43	45	272
44	45	16
45	45	-1
46	45	157
47	45	-1
48	45	-1
49	45	-1
50	45	0
51	45	0
52	45	-1
53	45	-1
54	45	-1
55	45	-1
56	45	-1
57	45	0
58	45	-1
59	45	-1
60	45	-1
61	45	-1
62	45	-1
63	45	-1
64	45	-1
65	45	0
66	45	0
67	45	0
68	45	357
69	45	-1
70	45	-1
71	45	-1
72	45	-1
73	45	0
74	45	0
75	45	-1
76	45	32
77	45	0
78	45	0
79	45	-1
80	45	0
81	45	0
82	45	-1
83	45	-1
84	45	-1
85	45	16
86	45	-1
87	45	-1
88	45	-1
89	45	0
90	45	-1
91	45	-1
92	45	-1
93	45	-1
94	45	47
95	45	-1
96	45	-1
97	45	-1
98	45	-1
99	45	0
100	45	47
101	45	0
102	45	55
103	45	0
104	45	0
105	45	-1
106	45	-1
107	45	-1
108	45	-1
109	45	-1
110	45	0
111	45	0
112	45	-1
113	45	0
114	45	-1
115	45	-1
116	45	0
117	45	-1
118	45	0
119	45	-1
120	45	0
121	45	-1
122	45	-1
123	45	-1
124	45	-1
125	45	63
126	45	-1
127	45	70
128	45	-1
129	45	0
130	45	63
131	45	-1
132	45	0
133	45	70
134	45	0
135	45	109
136	45	-1
137	45	-1
138	45	-1
139	45	0
140	45	163
141	45	641
142	45	55
143	45	250
144	45	-1
145	45	32
146	45	225
147	45	398
148	45	388
0	46	-1
1	46	0
2	46	-1
3	46	0
4	46	0
5	46	-1
6	46	0
7	46	0
8	46	0
9	46	-1
10	46	-1
11	46	0
12	46	0
13	46	-1
14	46	-1
15	46	0
16	46	-1
17	46	-1
18	46	0
19	46	55
20	46	47
21	46	316
22	46	-1
23	46	-1
24	46	70
25	46	-1
26	46	0
27	46	0
28	46	0
29	46	0
30	46	32
31	46	-1
32	46	-1
33	46	0
34	46	0
35	46	0
36	46	0
37	46	0
38	46	0
39	46	0
40	46	-1
41	46	0
42	46	0
43	46	441
44	46	109
45	46	-1
46	46	141
47	46	0
48	46	-1
49	46	-1
50	46	0
51	46	-1
52	46	-1
53	46	0
54	46	0
55	46	0
56	46	-1
57	46	0
58	46	-1
59	46	-1
60	46	0
61	46	-1
62	46	-1
63	46	-1
64	46	-1
65	46	0
66	46	0
67	46	0
68	46	270
69	46	-1
70	46	-1
71	46	-1
72	46	-1
73	46	55
74	46	0
75	46	0
76	46	-1
77	46	0
78	46	-1
79	46	0
80	46	0
81	46	0
82	46	0
83	46	-1
84	46	0
85	46	0
86	46	-1
87	46	-1
88	46	0
89	46	0
90	46	-1
91	46	-1
92	46	0
93	46	-1
94	46	32
95	46	0
96	46	-1
97	46	-1
98	46	0
99	46	0
100	46	16
101	46	0
102	46	0
103	46	0
104	46	0
105	46	-1
106	46	0
107	46	0
108	46	-1
109	46	-1
110	46	289
111	46	250
112	46	-1
113	46	79
114	46	16
115	46	-1
116	46	0
117	46	211
118	46	420
119	46	-1
120	46	0
121	46	0
122	46	-1
123	46	-1
124	46	0
125	46	-1
126	46	-1
127	46	0
128	46	0
129	46	0
130	46	0
131	46	0
132	46	0
133	46	0
134	46	-1
135	46	0
136	46	0
137	46	-1
138	46	-1
139	46	0
140	46	609
141	46	32
142	46	0
143	46	0
144	46	0
145	46	0
146	46	0
147	46	0
148	46	318
0	47	-1
1	47	0
2	47	0
3	47	0
4	47	-1
5	47	0
6	47	-1
7	47	0
8	47	0
9	47	-1
10	47	-1
11	47	0
12	47	-1
13	47	-1
14	47	-1
15	47	0
16	47	-1
17	47	0
18	47	-1
19	47	0
20	47	102
21	47	566
22	47	-1
23	47	-1
24	47	47
25	47	-1
26	47	0
27	47	0
28	47	0
29	47	0
30	47	0
31	47	-1
32	47	-1
33	47	-1
34	47	0
35	47	0
36	47	0
37	47	0
38	47	0
39	47	16
40	47	-1
41	47	0
42	47	343
43	47	611
44	47	132
45	47	-1
46	47	170
47	47	0
48	47	-1
49	47	-1
50	47	0
51	47	16
52	47	-1
53	47	0
54	47	0
55	47	0
56	47	-1
57	47	0
58	47	-1
59	47	-1
60	47	-1
61	47	-1
62	47	-1
63	47	-1
64	47	-1
65	47	0
66	47	102
67	47	0
68	47	-1
69	47	-1
70	47	0
71	47	-1
72	47	-1
73	47	0
74	47	0
75	47	-1
76	47	-1
77	47	0
78	47	-1
79	47	-1
80	47	0
81	47	16
82	47	0
83	47	0
84	47	0
85	47	0
86	47	-1
87	47	0
88	47	0
89	47	0
90	47	-1
91	47	-1
92	47	-1
93	47	-1
94	47	70
95	47	0
96	47	0
97	47	-1
98	47	0
99	47	0
100	47	63
101	47	0
102	47	225
103	47	0
104	47	0
105	47	-1
106	47	0
107	47	-1
108	47	-1
109	47	-1
110	47	-1
111	47	0
112	47	-1
113	47	95
114	47	-1
115	47	-1
116	47	47
117	47	158
118	47	0
119	47	-1
120	47	132
121	47	-1
122	47	-1
123	47	-1
124	47	47
125	47	0
126	47	-1
127	47	-1
128	47	0
129	47	0
130	47	0
131	47	0
132	47	95
133	47	32
134	47	0
135	47	0
136	47	0
137	47	0
138	47	-1
139	47	147
140	47	495
141	47	47
142	47	-1
143	47	0
144	47	32
145	47	32
146	47	0
147	47	63
148	47	566
0	48	-1
1	48	0
2	48	0
3	48	0
4	48	0
5	48	-1
6	48	-1
7	48	-1
8	48	0
9	48	-1
10	48	-1
11	48	0
12	48	-1
13	48	-1
14	48	-1
15	48	-1
16	48	-1
17	48	-1
18	48	-1
19	48	47
20	48	134
21	48	637
22	48	-1
23	48	-1
24	48	209
25	48	-1
26	48	0
27	48	0
28	48	-1
29	48	16
30	48	32
31	48	-1
32	48	-1
33	48	-1
34	48	-1
35	48	0
36	48	0
37	48	0
38	48	0
39	48	0
40	48	-1
41	48	0
42	48	141
43	48	628
44	48	109
45	48	-1
46	48	543
47	48	0
48	48	-1
49	48	-1
50	48	0
51	48	-1
52	48	-1
53	48	0
54	48	0
55	48	-1
56	48	-1
57	48	-1
58	48	-1
59	48	-1
60	48	-1
61	48	0
62	48	-1
63	48	-1
64	48	-1
65	48	0
66	48	0
67	48	0
68	48	489
69	48	-1
70	48	-1
71	48	-1
72	48	-1
73	48	0
74	48	-1
75	48	-1
76	48	0
77	48	0
78	48	-1
79	48	-1
80	48	0
81	48	0
82	48	-1
83	48	-1
84	48	-1
85	48	0
86	48	-1
87	48	-1
88	48	-1
89	48	0
90	48	-1
91	48	-1
92	48	-1
93	48	0
94	48	202
95	48	-1
96	48	-1
97	48	-1
98	48	16
99	48	95
100	48	16
101	48	16
102	48	95
103	48	0
104	48	16
105	48	-1
106	48	-1
107	48	-1
108	48	-1
109	48	-1
110	48	0
111	48	0
112	48	-1
113	48	0
114	48	-1
115	48	-1
116	48	0
117	48	-1
118	48	0
119	48	-1
120	48	79
121	48	-1
122	48	-1
123	48	0
124	48	0
125	48	-1
126	48	-1
127	48	-1
128	48	-1
129	48	-1
130	48	-1
131	48	-1
132	48	0
133	48	0
134	48	32
135	48	-1
136	48	0
137	48	0
138	48	-1
139	48	-1
140	48	-1
141	48	118
142	48	-1
143	48	0
144	48	-1
145	48	70
146	48	0
147	48	95
148	48	566
0	49	-1
1	49	0
2	49	-1
3	49	-1
4	49	0
5	49	-1
6	49	-1
7	49	-1
8	49	-1
9	49	-1
10	49	-1
11	49	0
12	49	-1
13	49	-1
14	49	-1
15	49	-1
16	49	-1
17	49	-1
18	49	-1
19	49	0
20	49	164
21	49	164
22	49	-1
23	49	-1
24	49	0
25	49	-1
26	49	0
27	49	0
28	49	0
29	49	-1
30	49	-1
31	49	-1
32	49	-1
33	49	-1
34	49	0
35	49	-1
36	49	-1
37	49	0
38	49	0
39	49	-1
40	49	-1
41	49	0
42	49	-1
43	49	218
44	49	55
45	49	-1
46	49	0
47	49	-1
48	49	-1
49	49	-1
50	49	0
51	49	-1
52	49	-1
53	49	-1
54	49	-1
55	49	-1
56	49	-1
57	49	-1
58	49	-1
59	49	-1
60	49	-1
61	49	-1
62	49	-1
63	49	-1
64	49	-1
65	49	0
66	49	0
67	49	0
68	49	-1
69	49	-1
70	49	-1
71	49	-1
72	49	-1
73	49	0
74	49	-1
75	49	-1
76	49	-1
77	49	-1
78	49	-1
79	49	-1
80	49	-1
81	49	-1
82	49	-1
83	49	-1
84	49	-1
85	49	-1
86	49	-1
87	49	-1
88	49	-1
89	49	-1
90	49	-1
91	49	-1
92	49	-1
93	49	-1
94	49	0
95	49	-1
96	49	-1
97	49	-1
98	49	-1
99	49	0
100	49	0
101	49	-1
102	49	0
103	49	-1
104	49	0
105	49	-1
106	49	-1
107	49	-1
108	49	-1
109	49	-1
110	49	0
111	49	-1
112	49	-1
113	49	0
114	49	-1
115	49	-1
116	49	0
117	49	-1
118	49	0
119	49	-1
120	49	-1
121	49	-1
122	49	-1
123	49	-1
124	49	-1
125	49	-1
126	49	-1
127	49	-1
128	49	-1
129	49	-1
130	49	-1
131	49	-1
132	49	-1
133	49	0
134	49	0
135	49	-1
136	49	-1
137	49	-1
138	49	-1
139	49	0
140	49	-1
141	49	273
142	49	-1
143	49	0
144	49	0
145	49	164
146	49	-1
147	49	55
148	49	0
